name,team,opp,game_id,player_id_avg,gp,w,l,w_pct,min_avg,fgm_avg,fga_avg,fg_pct_avg,fg3m_avg,fg3a_avg,fg3_pct_avg,ftm_avg,fta_avg,ft_pct_avg,oreb_avg,dreb_avg,reb_avg,ast_avg,tov_avg,stl_avg,blk_avg,blka,pf_avg,pfd,pts_avg,plus_minus_avg,dd2,td3,game_id_avg,awayorhome,status,player_id,jersey_num,position,starter,on_court,played,notplayingreason,notplayingdescription,ast,blk,blkr,fga,fgm,fg_pct,pfoff,foulsdrawn,pf,pftech,fta,ftm,ft_pct,minus,min,plus,plus_minus,pts,pts_fastbreak,pts_paint,pts_2nd_chance,dreb,oreb,reb,stl,fg3a,fg3m,fg3_pct,tov,fg2a,fg2m,fg2_pct,date_updated_est,set_easy,tier_easy,series_easy,play_easy,date_moment,team_TS,count_easy,owned,unique_owners,in_packs,minted,ts_held,cs,low_ask_easy,4hchange_easy,24h,7d,listings,tsd,rookie_premiere,rookie_mint,rookie_year,edition_state,play_id,set_id,ts_link,4hchange_hard,count_hard,low_ask_hard,play_hard,series_hard,set_hard,tier_hard,away_id,away_score,away_team,game_clock,game_status,home_id,home_score,home_team,period,start_time,easy_moment,hard_moment,score,differential,pts_proj,reb_proj,ast_proj,stl_proj,blk_proj,tov_proj
Anthony Davis,LAL,PHI,0022100733,203076,28,14,14,0.5,34.99785714285714,9.071428571428571,17.5,0.518,0.35714285714285715,2.0357142857142856,0.175,4.25,5.821428571428571,0.73,2.6785714285714284,6.928571428571429,9.607142857142858,2.8214285714285716,2.1785714285714284,1.1785714285714286,2.107142857142857,0.5357142857142857,2.392857142857143,4,22.75,-49,13,0,0022100733,away,nan,nan,nan,nan,None,None,nan,nan,nan,0,0,0,0,0,nan,0,nan,0,0,0,0,nan,0,0.0,0,0,0,0,0,0,0,0,0,0,0,0,nan,0,0,0,nan,2022-01-27 16:37,Base Set,Common,3,Dunk,2021-10-20 02:00:00+00:00,Los Angeles Lakers,60000,40400.0,0.0,7677.0,13480.0,0.0,2.0,3,0.00%,0.0,0.0,3389.0,nan,nan,nan,nan,VISIBLE,6b511f19-4363-42db-9455-f739ed5d54f5,e7b9646c-9997-46c8-909f-2a2b67389023,https://nbatopshot.com/listings/p2p/e7b9646c-9997-46c8-909f-2a2b67389023+6b511f19-4363-42db-9455-f739ed5d54f5,-4.26%,749,225,Dunk,3,Metallic Gold LE,Rare,1610612747,0,LAL,,7:30 pm ET,1610612755,0,PHI,0,2022-01-27 19:30:00-05:00,Base Set-Common-3-Dunk,Metallic Gold LE-Rare-3-Dunk,0-0,0,22.75,9.607142857142858,2.8214285714285716,1.1785714285714286,2.107142857142857,2.1785714285714284
Austin Reaves,LAL,PHI,0022100733,1630559,29,19,10,0.655,20.824310344827584,1.9655172413793103,4.103448275862069,0.479,0.7586206896551724,2.310344827586207,0.328,1.103448275862069,1.2758620689655173,0.865,0.5517241379310345,2.0,2.5517241379310347,1.206896551724138,0.5862068965517241,0.3103448275862069,0.13793103448275862,0.1724137931034483,1.5172413793103448,1,5.793103448275862,115,0,0,0022100733,away,nan,nan,nan,nan,None,None,nan,nan,nan,0,0,0,0,0,nan,0,nan,0,0,0,0,nan,0,0.0,0,0,0,0,0,0,0,0,0,0,0,0,nan,0,0,0,nan,nan,nan,nan,nan,nan,nan,nan,nan,nan,nan,nan,nan,nan,nan,nan,nan,nan,nan,nan,nan,nan,nan,nan,nan,nan,nan,nan,nan,nan,nan,nan,nan,nan,nan,1610612747,0,LAL,,7:30 pm ET,1610612755,0,PHI,0,2022-01-27 19:30:00-05:00,nan,nan,0-0,0,5.793103448275862,2.5517241379310347,1.206896551724138,0.3103448275862069,0.13793103448275862,0.5862068965517241
Avery Bradley,LAL,PHI,0022100733,202340,40,22,18,0.55,23.910208333333333,2.675,6.25,0.428,1.425,3.65,0.39,0.3,0.35,0.857,0.525,1.9,2.425,0.9,0.55,0.95,0.2,0.325,1.875,0,7.075,-76,0,0,0022100733,away,nan,nan,nan,nan,None,None,nan,nan,nan,0,0,0,0,0,nan,0,nan,0,0,0,0,nan,0,0.0,0,0,0,0,0,0,0,0,0,0,0,0,nan,0,0,0,nan,2022-01-27 16:31,Base Set,Common,2,Layup,2020-12-31 00:30:00+00:00,Miami Heat,12000,11130.0,0.0,579.0,291.0,0.0,12.0,17,0.00%,0.0,21.43,504.0,True,False,False,False,VISIBLE,d7e50e02-88dd-474d-9512-d6586a0cdc46,208ae30a-a4fe-42d4-9e51-e6fd1ad2a7a9,https://nbatopshot.com/listings/p2p/208ae30a-a4fe-42d4-9e51-e6fd1ad2a7a9+d7e50e02-88dd-474d-9512-d6586a0cdc46,0.00%,12000,17,Layup,2,Base Set,Common,1610612747,0,LAL,,7:30 pm ET,1610612755,0,PHI,0,2022-01-27 19:30:00-05:00,Base Set-Common-2-Layup,Base Set-Common-2-Layup,0-0,0,7.075,2.425,0.9,0.95,0.2,0.55
Carmelo Anthony,LAL,PHI,0022100733,2546,45,23,22,0.511,26.72311111111111,4.555555555555555,10.533333333333333,0.432,2.3333333333333335,5.977777777777778,0.39,1.9333333333333333,2.3555555555555556,0.821,0.8444444444444444,3.2888888888888888,4.133333333333334,0.9555555555555556,0.8444444444444444,0.7333333333333333,0.8,0.26666666666666666,2.311111111111111,1,13.377777777777778,48,1,0,0022100733,away,nan,nan,nan,nan,None,None,nan,nan,nan,0,0,0,0,0,nan,0,nan,0,0,0,0,nan,0,0.0,0,0,0,0,0,0,0,0,0,0,0,0,nan,0,0,0,nan,2022-01-27 16:29,Base Set,Common,2,Jump Shot,2021-02-10 03:00:00+00:00,Portland Trail Blazers,35000,32687.0,0.0,1885.0,441.0,0.0,12.0,4,-20.00%,0.0,-20.0,2179.0,False,False,False,False,VISIBLE,924871c0-0236-4307-8f3e-7810502bb892,208ae30a-a4fe-42d4-9e51-e6fd1ad2a7a9,https://nbatopshot.com/listings/p2p/208ae30a-a4fe-42d4-9e51-e6fd1ad2a7a9+924871c0-0236-4307-8f3e-7810502bb892,0.00%,3999,130,Jump Shot,1,Base Set,Common,1610612747,0,LAL,,7:30 pm ET,1610612755,0,PHI,0,2022-01-27 19:30:00-05:00,Base Set-Common-2-Jump Shot,Base Set-Common-1-Jump Shot,0-0,0,13.377777777777778,4.133333333333334,0.9555555555555556,0.7333333333333333,0.8,0.8444444444444444
Chaundee Brown Jr.,LAL,PHI,0022100733,1630602,2,0,2,0.0,10.291666666666666,0.5,3.5,0.143,0.0,1.5,0.0,0.0,0.0,0.0,0.0,1.0,1.0,0.0,0.5,0.0,0.0,0.5,0.0,0,1.0,-1,0,0,0022100733,away,nan,nan,nan,nan,None,None,nan,nan,nan,0,0,0,0,0,nan,0,nan,0,0,0,0,nan,0,0.0,0,0,0,0,0,0,0,0,0,0,0,0,nan,0,0,0,nan,nan,nan,nan,nan,nan,nan,nan,nan,nan,nan,nan,nan,nan,nan,nan,nan,nan,nan,nan,nan,nan,nan,nan,nan,nan,nan,nan,nan,nan,nan,nan,nan,nan,nan,1610612747,0,LAL,,7:30 pm ET,1610612755,0,PHI,0,2022-01-27 19:30:00-05:00,nan,nan,0-0,0,1.0,1.0,0.0,0.0,0.0,0.5
Darren Collison,LAL,PHI,0022100733,201954,3,1,2,0.333,12.388888888888888,0.6666666666666666,2.3333333333333335,0.286,0.0,1.0,0.0,0.0,0.0,0.0,0.0,1.3333333333333333,1.3333333333333333,0.6666666666666666,0.3333333333333333,0.3333333333333333,0.0,0.0,1.6666666666666667,0,1.3333333333333333,-14,0,0,0022100733,away,nan,nan,nan,nan,None,None,nan,nan,nan,0,0,0,0,0,nan,0,nan,0,0,0,0,nan,0,0.0,0,0,0,0,0,0,0,0,0,0,0,0,nan,0,0,0,nan,nan,nan,nan,nan,nan,nan,nan,nan,nan,nan,nan,nan,nan,nan,nan,nan,nan,nan,nan,nan,nan,nan,nan,nan,nan,nan,nan,nan,nan,nan,nan,nan,nan,nan,1610612747,0,LAL,,7:30 pm ET,1610612755,0,PHI,0,2022-01-27 19:30:00-05:00,nan,nan,0-0,0,1.3333333333333333,1.3333333333333333,0.6666666666666666,0.3333333333333333,0.0,0.3333333333333333
DeAndre Jordan,LAL,PHI,0022100733,201599,29,14,15,0.483,12.985919540229885,2.0,2.9655172413793105,0.674,0.0,0.0,0.0,0.3448275862068966,0.5862068965517241,0.588,1.5517241379310345,3.9655172413793105,5.517241379310345,0.4482758620689655,0.6551724137931034,0.3448275862068966,0.8620689655172413,0.20689655172413793,1.6551724137931034,0,4.344827586206897,-76,0,0,0022100733,away,nan,nan,nan,nan,None,None,nan,nan,nan,0,0,0,0,0,nan,0,nan,0,0,0,0,nan,0,0.0,0,0,0,0,0,0,0,0,0,0,0,0,nan,0,0,0,nan,2022-01-27 16:40,Base Set,Common,3,Dunk,2021-11-09 03:30:00+00:00,Los Angeles Lakers,60000,33126.0,0.0,12819.0,16933.0,0.0,2.0,3,0.00%,0.0,0.0,2293.0,nan,nan,nan,nan,VISIBLE,d0988cc2-a119-4e7e-be35-45c5c147cbd3,e7b9646c-9997-46c8-909f-2a2b67389023,https://nbatopshot.com/listings/p2p/e7b9646c-9997-46c8-909f-2a2b67389023+d0988cc2-a119-4e7e-be35-45c5c147cbd3,0.00%,1500,38,Dunk,1,Base Set,Common,1610612747,0,LAL,,7:30 pm ET,1610612755,0,PHI,0,2022-01-27 19:30:00-05:00,Base Set-Common-3-Dunk,Base Set-Common-1-Dunk,0-0,0,4.344827586206897,5.517241379310345,0.4482758620689655,0.3448275862068966,0.8620689655172413,0.6551724137931034
Dwight Howard,LAL,PHI,0022100733,2730,37,16,21,0.432,14.899009009009008,1.864864864864865,3.027027027027027,0.616,0.16216216216216217,0.24324324324324326,0.667,1.2702702702702702,2.0,0.635,1.9189189189189189,3.5135135135135136,5.4324324324324325,0.5675675675675675,0.8378378378378378,0.7297297297297297,0.6486486486486487,0.40540540540540543,1.972972972972973,1,5.162162162162162,-2,2,0,0022100733,away,nan,nan,nan,nan,None,None,nan,nan,nan,0,0,0,0,0,nan,0,nan,0,0,0,0,nan,0,0.0,0,0,0,0,0,0,0,0,0,0,0,0,nan,0,0,0,nan,2022-01-27 16:26,Base Set,Common,2,Dunk,2021-03-14 22:30:00+00:00,Philadelphia 76ers,40000,36052.0,0.0,2989.0,1119.0,0.0,12.0,4,0.00%,0.0,0.0,2238.0,False,False,False,False,VISIBLE,f49dab69-5b84-42c3-9cd3-00735eaa7b67,208ae30a-a4fe-42d4-9e51-e6fd1ad2a7a9,https://nbatopshot.com/listings/p2p/208ae30a-a4fe-42d4-9e51-e6fd1ad2a7a9+f49dab69-5b84-42c3-9cd3-00735eaa7b67,0.00%,990,108,Dunk,S21,Run It Back 2005-06,Rare,1610612747,0,LAL,,7:30 pm ET,1610612755,0,PHI,0,2022-01-27 19:30:00-05:00,Base Set-Common-2-Dunk,Run It Back 2005-06-Rare-S21-Dunk,0-0,0,5.162162162162162,5.4324324324324325,0.5675675675675675,0.7297297297297297,0.6486486486486487,0.8378378378378378
Isaiah Thomas,LAL,PHI,0022100733,202738,4,0,4,0.0,25.2425,3.0,9.75,0.308,1.25,5.5,0.227,2.0,2.75,0.727,0.25,1.75,2.0,1.5,1.25,0.0,0.5,0.25,3.0,2,9.25,-23,0,0,0022100733,away,nan,nan,nan,nan,None,None,nan,nan,nan,0,0,0,0,0,nan,0,nan,0,0,0,0,nan,0,0.0,0,0,0,0,0,0,0,0,0,0,0,0,nan,0,0,0,nan,nan,nan,nan,nan,nan,nan,nan,nan,nan,nan,nan,nan,nan,nan,nan,nan,nan,nan,nan,nan,nan,nan,nan,nan,nan,nan,nan,nan,nan,nan,nan,nan,nan,nan,1610612747,0,LAL,,7:30 pm ET,1610612755,0,PHI,0,2022-01-27 19:30:00-05:00,nan,nan,0-0,0,9.25,2.0,1.5,0.0,0.5,1.25
Jay Huff,LAL,PHI,0022100733,1630643,4,0,4,0.0,5.0625,0.0,0.75,0.0,0.0,0.5,0.0,0.0,0.0,0.0,0.25,0.75,1.0,0.25,0.25,0.25,0.25,0.0,0.25,0,0.0,15,0,0,0022100733,away,nan,nan,nan,nan,None,None,nan,nan,nan,0,0,0,0,0,nan,0,nan,0,0,0,0,nan,0,0.0,0,0,0,0,0,0,0,0,0,0,0,0,nan,0,0,0,nan,nan,nan,nan,nan,nan,nan,nan,nan,nan,nan,nan,nan,nan,nan,nan,nan,nan,nan,nan,nan,nan,nan,nan,nan,nan,nan,nan,nan,nan,nan,nan,nan,nan,nan,1610612747,0,LAL,,7:30 pm ET,1610612755,0,PHI,0,2022-01-27 19:30:00-05:00,nan,nan,0-0,0,0.0,1.0,0.25,0.25,0.25,0.25
Jemerrio Jones,LAL,PHI,0022100733,1629203,2,0,2,0.0,7.358333333333333,1.0,1.5,0.667,0.0,0.0,0.0,0.0,0.0,0.0,1.0,0.5,1.5,0.0,0.0,0.5,0.0,0.0,1.0,0,2.0,-13,0,0,0022100733,away,nan,nan,nan,nan,None,None,nan,nan,nan,0,0,0,0,0,nan,0,nan,0,0,0,0,nan,0,0.0,0,0,0,0,0,0,0,0,0,0,0,0,nan,0,0,0,nan,nan,nan,nan,nan,nan,nan,nan,nan,nan,nan,nan,nan,nan,nan,nan,nan,nan,nan,nan,nan,nan,nan,nan,nan,nan,nan,nan,nan,nan,nan,nan,nan,nan,nan,1610612747,0,LAL,,7:30 pm ET,1610612755,0,PHI,0,2022-01-27 19:30:00-05:00,nan,nan,0-0,0,2.0,1.5,0.0,0.5,0.0,0.0
Kent Bazemore,LAL,PHI,0022100733,203145,26,14,12,0.538,16.07698717948718,1.3461538461538463,4.115384615384615,0.327,0.7692307692307693,2.1923076923076925,0.351,0.38461538461538464,0.5,0.769,0.3076923076923077,1.6153846153846154,1.9230769230769231,0.8461538461538461,0.38461538461538464,0.7692307692307693,0.23076923076923078,0.0,2.0384615384615383,0,3.8461538461538463,-82,0,0,0022100733,away,nan,nan,nan,nan,None,None,nan,nan,nan,0,0,0,0,0,nan,0,nan,0,0,0,0,nan,0,0.0,0,0,0,0,0,0,0,0,0,0,0,0,nan,0,0,0,nan,2022-01-27 16:24,Base Set,Common,2,Layup,2021-02-18 03:00:00+00:00,Golden State Warriors,12000,11227.0,0.0,543.0,231.0,0.0,12.0,10,0.00%,11.11,11.11,283.0,True,False,False,False,VISIBLE,b904318c-d73c-4b13-b0a5-5161449df6fd,208ae30a-a4fe-42d4-9e51-e6fd1ad2a7a9,https://nbatopshot.com/listings/p2p/208ae30a-a4fe-42d4-9e51-e6fd1ad2a7a9+b904318c-d73c-4b13-b0a5-5161449df6fd,0.00%,12000,10,Layup,2,Base Set,Common,1610612747,0,LAL,,7:30 pm ET,1610612755,0,PHI,0,2022-01-27 19:30:00-05:00,Base Set-Common-2-Layup,Base Set-Common-2-Layup,0-0,0,3.8461538461538463,1.9230769230769231,0.8461538461538461,0.7692307692307693,0.23076923076923078,0.38461538461538464
LeBron James,LAL,PHI,0022100733,2544,36,19,17,0.528,36.64361111111111,10.916666666666666,20.916666666666668,0.522,2.7777777777777777,7.888888888888889,0.352,4.472222222222222,5.888888888888889,0.759,1.0833333333333333,6.583333333333333,7.666666666666667,6.305555555555555,3.0833333333333335,1.6388888888888888,1.1111111111111112,0.8055555555555556,2.2222222222222223,5,29.083333333333332,-5,13,3,0022100733,away,nan,nan,nan,nan,None,None,nan,nan,nan,0,0,0,0,0,nan,0,nan,0,0,0,0,nan,0,0.0,0,0,0,0,0,0,0,0,0,0,0,0,nan,0,0,0,nan,2022-01-27 16:32,Base Set,Common,2,Assist,2021-01-11 00:00:00+00:00,Los Angeles Lakers,35000,31908.0,0.0,1916.0,1176.0,0.0,12.0,52,-3.70%,1.96,8.33,2727.0,False,False,False,False,VISIBLE,23d37299-e149-4ab5-8f3f-c8686c711675,208ae30a-a4fe-42d4-9e51-e6fd1ad2a7a9,https://nbatopshot.com/listings/p2p/208ae30a-a4fe-42d4-9e51-e6fd1ad2a7a9+23d37299-e149-4ab5-8f3f-c8686c711675,0.12%,2021,850,Dunk,2,2021 All-Star Game,Rare,1610612747,0,LAL,,7:30 pm ET,1610612755,0,PHI,0,2022-01-27 19:30:00-05:00,Base Set-Common-2-Assist,2021 All-Star Game-Rare-2-Dunk,0-0,0,29.083333333333332,7.666666666666667,6.305555555555555,1.6388888888888888,1.1111111111111112,3.0833333333333335
Malik Monk,LAL,PHI,0022100733,1628370,43,23,20,0.535,26.161046511627905,4.465116279069767,9.325581395348838,0.479,2.1627906976744184,5.27906976744186,0.41,1.0232558139534884,1.2325581395348837,0.83,0.46511627906976744,2.604651162790698,3.0697674418604652,2.2790697674418605,1.2790697674418605,0.7441860465116279,0.4418604651162791,0.3953488372093023,1.558139534883721,1,12.116279069767442,119,0,0,0022100733,away,nan,nan,nan,nan,None,None,nan,nan,nan,0,0,0,0,0,nan,0,nan,0,0,0,0,nan,0,0.0,0,0,0,0,0,0,0,0,0,0,0,0,nan,0,0,0,nan,2022-01-27 16:37,Base Set,Common,3,Dunk,2021-10-28 00:00:00+00:00,Los Angeles Lakers,60000,36896.0,0.0,11173.0,14383.0,0.0,2.0,3,0.00%,0.0,0.0,1825.0,nan,nan,nan,nan,VISIBLE,ddbe01f0-9207-47a4-9eff-be191d5260d2,e7b9646c-9997-46c8-909f-2a2b67389023,https://nbatopshot.com/listings/p2p/e7b9646c-9997-46c8-909f-2a2b67389023+ddbe01f0-9207-47a4-9eff-be191d5260d2,6.67%,12000,48,Layup,2,Base Set,Common,1610612747,0,LAL,,7:30 pm ET,1610612755,0,PHI,0,2022-01-27 19:30:00-05:00,Base Set-Common-3-Dunk,Base Set-Common-2-Layup,0-0,0,12.116279069767442,3.0697674418604652,2.2790697674418605,0.7441860465116279,0.4418604651162791,1.2790697674418605
Mason Jones,LAL,PHI,0022100733,1630222,2,0,2,0.0,4.408333333333333,1.0,4.0,0.25,0.0,1.0,0.0,0.5,1.0,0.5,0.5,0.5,1.0,0.0,0.5,0.5,0.0,0.0,0.5,0,2.5,-4,0,0,0022100733,away,nan,nan,nan,nan,None,None,nan,nan,nan,0,0,0,0,0,nan,0,nan,0,0,0,0,nan,0,0.0,0,0,0,0,0,0,0,0,0,0,0,0,nan,0,0,0,nan,2022-01-27 16:28,Base Set,Common,2,Layup,2021-01-09 01:00:00+00:00,Houston Rockets,4000,3723.0,0.0,207.0,70.0,0.0,12.0,35,-5.41%,-5.41,-5.41,247.0,True,True,True,True,VISIBLE,e5d69ce5-e253-438d-8420-381ef275abc6,208ae30a-a4fe-42d4-9e51-e6fd1ad2a7a9,https://nbatopshot.com/listings/p2p/208ae30a-a4fe-42d4-9e51-e6fd1ad2a7a9+e5d69ce5-e253-438d-8420-381ef275abc6,-5.41%,4000,35,Layup,2,Base Set,Common,1610612747,0,LAL,,7:30 pm ET,1610612755,0,PHI,0,2022-01-27 19:30:00-05:00,Base Set-Common-2-Layup,Base Set-Common-2-Layup,0-0,0,2.5,1.0,0.0,0.5,0.0,0.5
Rajon Rondo,LAL,PHI,0022100733,200765,18,5,13,0.278,16.08138888888889,1.2777777777777777,3.9444444444444446,0.324,0.4444444444444444,1.6666666666666667,0.267,0.05555555555555555,0.1111111111111111,0.5,0.5555555555555556,2.1666666666666665,2.7222222222222223,3.7222222222222223,1.8888888888888888,0.6666666666666666,0.2777777777777778,0.2222222222222222,1.3888888888888888,0,3.0555555555555554,-67,0,0,0022100733,away,nan,nan,nan,nan,None,None,nan,nan,nan,0,0,0,0,0,nan,0,nan,0,0,0,0,nan,0,0.0,0,0,0,0,0,0,0,0,0,0,0,0,nan,0,0,0,nan,2022-01-27 16:38,Archive Set,Common,S21,Layup,2014-01-25 00:30:00+00:00,Boston Celtics,20000,17649.0,0.0,2351.0,167.0,0.0,2.0,8,-11.11%,-11.11,14.29,386.0,nan,nan,nan,nan,VISIBLE,1de5e434-2e3d-402c-835a-fe35769b4d3b,9e89b552-0236-4ffc-ab6b-8cf7c27d46b4,https://nbatopshot.com/listings/p2p/9e89b552-0236-4ffc-ab6b-8cf7c27d46b4+1de5e434-2e3d-402c-835a-fe35769b4d3b,-0.65%,2077,152,Assist,1,Base Set,Common,1610612747,0,LAL,,7:30 pm ET,1610612755,0,PHI,0,2022-01-27 19:30:00-05:00,Archive Set-Common-S21-Layup,Base Set-Common-1-Assist,0-0,0,3.0555555555555554,2.7222222222222223,3.7222222222222223,0.6666666666666666,0.2777777777777778,1.8888888888888888
Russell Westbrook,LAL,PHI,0022100733,201566,48,24,24,0.5,34.80184027777778,7.041666666666667,16.083333333333332,0.438,1.0,3.4166666666666665,0.293,3.4583333333333335,5.125,0.675,1.3958333333333333,6.625,8.020833333333334,7.729166666666667,4.145833333333333,1.1041666666666667,0.25,1.0625,3.125,4,18.541666666666668,-71,20,9,0022100733,away,nan,nan,nan,nan,None,None,nan,nan,nan,0,0,0,0,0,nan,0,nan,0,0,0,0,nan,0,0.0,0,0,0,0,0,0,0,0,0,0,0,0,nan,0,0,0,nan,2022-01-27 16:19,Base Set,Common,2,Dunk,2021-03-25 23:30:00+00:00,Washington Wizards,40000,33111.0,0.0,4415.0,2505.0,0.0,12.0,4,-20.00%,-20.0,0.0,1318.0,False,False,False,False,VISIBLE,7fedaa2b-cf0c-4332-b48c-ae38932e5968,208ae30a-a4fe-42d4-9e51-e6fd1ad2a7a9,https://nbatopshot.com/listings/p2p/208ae30a-a4fe-42d4-9e51-e6fd1ad2a7a9+7fedaa2b-cf0c-4332-b48c-ae38932e5968,0.00%,1800,145,Dunk,2,Throwdowns,Rare,1610612747,0,LAL,,7:30 pm ET,1610612755,0,PHI,0,2022-01-27 19:30:00-05:00,Base Set-Common-2-Dunk,Throwdowns-Rare-2-Dunk,0-0,0,18.541666666666668,8.020833333333334,7.729166666666667,1.1041666666666667,0.25,4.145833333333333
Sekou Doumbouya,LAL,PHI,0022100733,1629635,2,0,2,0.0,8.191666666666666,2.5,4.0,0.625,0.5,1.0,0.5,1.5,2.0,0.75,1.0,2.0,3.0,0.0,1.0,1.5,1.0,0.5,0.5,1,7.0,24,0,0,0022100733,away,nan,nan,nan,nan,None,None,nan,nan,nan,0,0,0,0,0,nan,0,nan,0,0,0,0,nan,0,0.0,0,0,0,0,0,0,0,0,0,0,0,0,nan,0,0,0,nan,2022-01-27 16:23,Base Set,Common,2,Block,2021-04-12 02:00:00+00:00,Detroit Pistons,12000,10867.0,0.0,736.0,399.0,0.0,12.0,8,0.00%,14.29,14.29,432.0,True,False,False,False,VISIBLE,733196bd-0c9b-4d9f-9b9d-547ae7a10b4a,208ae30a-a4fe-42d4-9e51-e6fd1ad2a7a9,https://nbatopshot.com/listings/p2p/208ae30a-a4fe-42d4-9e51-e6fd1ad2a7a9+733196bd-0c9b-4d9f-9b9d-547ae7a10b4a,0.00%,12000,8,Block,2,Base Set,Common,1610612747,0,LAL,,7:30 pm ET,1610612755,0,PHI,0,2022-01-27 19:30:00-05:00,Base Set-Common-2-Block,Base Set-Common-2-Block,0-0,0,7.0,3.0,0.0,1.5,1.0,1.0
Stanley Johnson,LAL,PHI,0022100733,1626169,14,7,7,0.5,21.221309523809527,2.2857142857142856,4.428571428571429,0.516,0.7857142857142857,2.2857142857142856,0.344,1.0714285714285714,1.3571428571428572,0.789,0.42857142857142855,2.2142857142857144,2.642857142857143,1.2857142857142858,0.5,0.7857142857142857,0.35714285714285715,0.14285714285714285,3.0,1,6.428571428571429,22,0,0,0022100733,away,nan,nan,nan,nan,None,None,nan,nan,nan,0,0,0,0,0,nan,0,nan,0,0,0,0,nan,0,0.0,0,0,0,0,0,0,0,0,0,0,0,0,nan,0,0,0,nan,2022-01-27 16:39,Base Set,Common,2,Dunk,2020-12-30 00:00:00+00:00,Toronto Raptors,12000,11589.0,0.0,411.0,0.0,0.0,12.0,24,0.00%,9.09,26.32,760.0,True,False,False,False,VISIBLE,9b8c111f-11a7-4f4d-a69f-dc1ba5e76621,208ae30a-a4fe-42d4-9e51-e6fd1ad2a7a9,https://nbatopshot.com/listings/p2p/208ae30a-a4fe-42d4-9e51-e6fd1ad2a7a9+9b8c111f-11a7-4f4d-a69f-dc1ba5e76621,0.00%,12000,24,Dunk,2,Base Set,Common,1610612747,0,LAL,,7:30 pm ET,1610612755,0,PHI,0,2022-01-27 19:30:00-05:00,Base Set-Common-2-Dunk,Base Set-Common-2-Dunk,0-0,0,6.428571428571429,2.642857142857143,1.2857142857142858,0.7857142857142857,0.35714285714285715,0.5
Talen Horton-Tucker,LAL,PHI,0022100733,1629659,32,16,16,0.5,26.647135416666668,3.875,9.53125,0.407,0.78125,3.15625,0.248,1.59375,2.03125,0.785,0.625,2.78125,3.40625,2.59375,1.5,0.90625,0.5,0.53125,2.625,1,10.125,-33,1,0,0022100733,away,nan,nan,nan,nan,None,None,nan,nan,nan,0,0,0,0,0,nan,0,nan,0,0,0,0,nan,0,0.0,0,0,0,0,0,0,0,0,0,0,0,0,nan,0,0,0,nan,2022-01-27 16:40,Base Set,Common,3,Dunk,2021-11-16 03:30:00+00:00,Los Angeles Lakers,60000,33652.0,0.0,12302.0,16837.0,0.0,2.0,3,0.00%,0.0,0.0,2211.0,nan,nan,nan,nan,VISIBLE,7995e88d-4642-4991-8fca-8f75beccca66,e7b9646c-9997-46c8-909f-2a2b67389023,https://nbatopshot.com/listings/p2p/e7b9646c-9997-46c8-909f-2a2b67389023+7995e88d-4642-4991-8fca-8f75beccca66,0.00%,12000,18,Steal,2,Base Set,Common,1610612747,0,LAL,,7:30 pm ET,1610612755,0,PHI,0,2022-01-27 19:30:00-05:00,Base Set-Common-3-Dunk,Base Set-Common-2-Steal,0-0,0,10.125,3.40625,2.59375,0.90625,0.5,1.5
Trevor Ariza,LAL,PHI,0022100733,2772,13,6,7,0.462,18.821538461538463,1.1538461538461537,3.4615384615384617,0.333,0.9230769230769231,2.923076923076923,0.316,0.15384615384615385,0.3076923076923077,0.5,0.3076923076923077,3.076923076923077,3.3846153846153846,1.1538461538461537,0.5384615384615384,0.46153846153846156,0.15384615384615385,0.23076923076923078,0.5384615384615384,0,3.3846153846153846,-38,0,0,0022100733,away,nan,nan,nan,nan,None,None,nan,nan,nan,0,0,0,0,0,nan,0,nan,0,0,0,0,nan,0,0.0,0,0,0,0,0,0,0,0,0,0,0,0,nan,0,0,0,nan,2022-01-27 16:13,Base Set,Common,1,Dunk,2020-01-27 02:00:00+00:00,Portland Trail Blazers,3345,2608.0,0.0,362.0,375.0,0.0,25.0,58,-1.69%,-1.69,-15.94,124.0,True,False,False,False,VISIBLE,1fc9b2f1-d444-4645-a12a-7d0500214fa2,7b797690-5b53-45a7-b972-bd2d5152654a,https://nbatopshot.com/listings/p2p/7b797690-5b53-45a7-b972-bd2d5152654a+1fc9b2f1-d444-4645-a12a-7d0500214fa2,-1.69%,3345,58,Dunk,1,Base Set,Common,1610612747,0,LAL,,7:30 pm ET,1610612755,0,PHI,0,2022-01-27 19:30:00-05:00,Base Set-Common-1-Dunk,Base Set-Common-1-Dunk,0-0,0,3.3846153846153846,3.3846153846153846,1.1538461538461537,0.46153846153846156,0.15384615384615385,0.5384615384615384
Wayne Ellington,LAL,PHI,0022100733,201961,31,12,19,0.387,19.804139784946234,2.129032258064516,5.32258064516129,0.4,1.8709677419354838,4.870967741935484,0.384,0.12903225806451613,0.16129032258064516,0.8,0.22580645161290322,1.3870967741935485,1.6129032258064515,0.7096774193548387,0.45161290322580644,0.5161290322580645,0.06451612903225806,0.0967741935483871,1.0,0,6.258064516129032,-54,0,0,0022100733,away,nan,nan,nan,nan,None,None,nan,nan,nan,0,0,0,0,0,nan,0,nan,0,0,0,0,nan,0,0.0,0,0,0,0,0,0,0,0,0,0,0,0,nan,0,0,0,nan,nan,nan,nan,nan,nan,nan,nan,nan,nan,nan,nan,nan,nan,nan,nan,nan,nan,nan,nan,nan,nan,nan,nan,nan,nan,nan,nan,nan,nan,nan,nan,nan,nan,nan,1610612747,0,LAL,,7:30 pm ET,1610612755,0,PHI,0,2022-01-27 19:30:00-05:00,nan,nan,0-0,0,6.258064516129032,1.6129032258064515,0.7096774193548387,0.5161290322580645,0.06451612903225806,0.45161290322580644
Aaron Henry,PHI,LAL,0022100733,1630565,6,6,0,1.0,2.8305555555555557,0.16666666666666666,0.8333333333333334,0.2,0.0,0.16666666666666666,0.0,0.0,0.0,0.0,0.0,0.16666666666666666,0.16666666666666666,0.0,0.3333333333333333,0.0,0.3333333333333333,0.3333333333333333,0.3333333333333333,0,0.3333333333333333,-20,0,0,0022100733,home,nan,nan,nan,nan,None,None,nan,nan,nan,0,0,0,0,0,nan,0,nan,0,0,0,0,nan,0,0.0,0,0,0,0,0,0,0,0,0,0,0,0,nan,0,0,0,nan,nan,nan,nan,nan,nan,nan,nan,nan,nan,nan,nan,nan,nan,nan,nan,nan,nan,nan,nan,nan,nan,nan,nan,nan,nan,nan,nan,nan,nan,nan,nan,nan,nan,nan,1610612747,0,LAL,,7:30 pm ET,1610612755,0,PHI,0,2022-01-27 19:30:00-05:00,nan,nan,0-0,0,0.3333333333333333,0.16666666666666666,0.0,0.0,0.3333333333333333,0.3333333333333333
Andre Drummond,PHI,LAL,0022100733,203083,42,24,18,0.571,18.410753968253967,2.619047619047619,4.928571428571429,0.531,0.0,0.047619047619047616,0.0,0.9761904761904762,1.880952380952381,0.519,2.7857142857142856,5.9523809523809526,8.738095238095237,1.8095238095238095,1.6904761904761905,1.1428571428571428,0.9523809523809523,0.47619047619047616,2.4523809523809526,1,6.214285714285714,-5,6,0,0022100733,home,nan,nan,nan,nan,None,None,nan,nan,nan,0,0,0,0,0,nan,0,nan,0,0,0,0,nan,0,0.0,0,0,0,0,0,0,0,0,0,0,0,0,nan,0,0,0,nan,2022-01-27 16:40,Base Set,Common,3,Dunk,2021-11-09 00:00:00+00:00,Philadelphia 76ers,60000,32877.0,0.0,13073.0,17208.0,0.0,2.0,3,0.00%,0.0,50.0,2669.0,nan,nan,nan,nan,VISIBLE,4bd2b975-2ce0-46db-ac95-5878f5b42bfd,e7b9646c-9997-46c8-909f-2a2b67389023,https://nbatopshot.com/listings/p2p/e7b9646c-9997-46c8-909f-2a2b67389023+4bd2b975-2ce0-46db-ac95-5878f5b42bfd,0.00%,1254,59,Dunk,1,Base Set,Common,1610612747,0,LAL,,7:30 pm ET,1610612755,0,PHI,0,2022-01-27 19:30:00-05:00,Base Set-Common-3-Dunk,Base Set-Common-1-Dunk,0-0,0,6.214285714285714,8.738095238095237,1.8095238095238095,1.1428571428571428,0.9523809523809523,1.6904761904761905
Braxton Key,PHI,LAL,0022100733,1630296,2,2,0,1.0,3.2,0.5,1.0,0.5,0.0,0.5,0.0,0.0,0.0,0.0,0.5,0.5,1.0,0.5,1.0,0.5,0.0,0.0,0.5,0,1.0,-5,0,0,0022100733,home,nan,nan,nan,nan,None,None,nan,nan,nan,0,0,0,0,0,nan,0,nan,0,0,0,0,nan,0,0.0,0,0,0,0,0,0,0,0,0,0,0,0,nan,0,0,0,nan,nan,nan,nan,nan,nan,nan,nan,nan,nan,nan,nan,nan,nan,nan,nan,nan,nan,nan,nan,nan,nan,nan,nan,nan,nan,nan,nan,nan,nan,nan,nan,nan,nan,nan,1610612747,0,LAL,,7:30 pm ET,1610612755,0,PHI,0,2022-01-27 19:30:00-05:00,nan,nan,0-0,0,1.0,1.0,0.5,0.5,0.0,1.0
Charles Bassey,PHI,LAL,0022100733,1629646,21,10,11,0.476,7.22031746031746,1.2857142857142858,1.9047619047619047,0.675,0.0,0.19047619047619047,0.0,0.38095238095238093,0.5238095238095238,0.727,0.9047619047619048,1.7619047619047619,2.6666666666666665,0.3333333333333333,0.3333333333333333,0.19047619047619047,0.7142857142857143,0.09523809523809523,1.380952380952381,0,2.9523809523809526,-27,1,0,0022100733,home,nan,nan,nan,nan,None,None,nan,nan,nan,0,0,0,0,0,nan,0,nan,0,0,0,0,nan,0,0.0,0,0,0,0,0,0,0,0,0,0,0,0,nan,0,0,0,nan,nan,nan,nan,nan,nan,nan,nan,nan,nan,nan,nan,nan,nan,nan,nan,nan,nan,nan,nan,nan,nan,nan,nan,nan,nan,nan,nan,nan,nan,nan,nan,nan,nan,nan,1610612747,0,LAL,,7:30 pm ET,1610612755,0,PHI,0,2022-01-27 19:30:00-05:00,nan,nan,0-0,0,2.9523809523809526,2.6666666666666665,0.3333333333333333,0.19047619047619047,0.7142857142857143,0.3333333333333333
Charlie Brown Jr.,PHI,LAL,0022100733,1629718,10,7,3,0.7,14.636500000000002,0.8,3.1,0.258,0.1,0.9,0.111,0.7,0.8,0.875,1.4,1.6,3.0,0.4,0.4,0.7,0.3,0.4,1.4,0,2.4,17,0,0,0022100733,home,nan,nan,nan,nan,None,None,nan,nan,nan,0,0,0,0,0,nan,0,nan,0,0,0,0,nan,0,0.0,0,0,0,0,0,0,0,0,0,0,0,0,nan,0,0,0,nan,nan,nan,nan,nan,nan,nan,nan,nan,nan,nan,nan,nan,nan,nan,nan,nan,nan,nan,nan,nan,nan,nan,nan,nan,nan,nan,nan,nan,nan,nan,nan,nan,nan,nan,1610612747,0,LAL,,7:30 pm ET,1610612755,0,PHI,0,2022-01-27 19:30:00-05:00,nan,nan,0-0,0,2.4,3.0,0.4,0.7,0.3,0.4
Danny Green,PHI,LAL,0022100733,201980,29,15,14,0.517,23.739827586206896,2.2758620689655173,5.586206896551724,0.407,1.8275862068965518,4.793103448275862,0.381,0.3103448275862069,0.3448275862068966,0.9,0.5517241379310345,2.0344827586206895,2.586206896551724,1.103448275862069,0.896551724137931,1.3103448275862069,0.8620689655172413,0.1724137931034483,1.7586206896551724,0,6.689655172413793,91,0,0,0022100733,home,nan,nan,nan,nan,None,None,nan,nan,nan,0,0,0,0,0,nan,0,nan,0,0,0,0,nan,0,0.0,0,0,0,0,0,0,0,0,0,0,0,0,nan,0,0,0,nan,2022-01-27 16:29,Base Set,Common,2,3 Pointer,2021-01-13 00:00:00+00:00,Philadelphia 76ers,40000,35823.0,0.0,3175.0,1127.0,0.0,12.0,4,0.00%,0.0,0.0,2168.0,False,False,False,False,VISIBLE,d72c6f8e-3720-422b-a52b-f772cc64f3a6,208ae30a-a4fe-42d4-9e51-e6fd1ad2a7a9,https://nbatopshot.com/listings/p2p/208ae30a-a4fe-42d4-9e51-e6fd1ad2a7a9+d72c6f8e-3720-422b-a52b-f772cc64f3a6,-2.22%,2241,88,Dunk,1,Base Set,Common,1610612747,0,LAL,,7:30 pm ET,1610612755,0,PHI,0,2022-01-27 19:30:00-05:00,Base Set-Common-2-3 Pointer,Base Set-Common-1-Dunk,0-0,0,6.689655172413793,2.586206896551724,1.103448275862069,1.3103448275862069,0.8620689655172413,0.896551724137931
Furkan Korkmaz,PHI,LAL,0022100733,1627788,43,26,17,0.605,24.432984496124032,3.3255813953488373,8.488372093023257,0.392,1.4186046511627908,4.813953488372093,0.295,1.1395348837209303,1.3488372093023255,0.845,0.32558139534883723,2.7906976744186047,3.116279069767442,2.372093023255814,0.813953488372093,0.6046511627906976,0.13953488372093023,0.3023255813953488,1.0,1,9.209302325581396,24,1,0,0022100733,home,nan,nan,nan,nan,None,None,nan,nan,nan,0,0,0,0,0,nan,0,nan,0,0,0,0,nan,0,0.0,0,0,0,0,0,0,0,0,0,0,0,0,nan,0,0,0,nan,2022-01-27 16:27,Base Set,Common,2,3 Pointer,2021-03-17 23:00:00+00:00,Philadelphia 76ers,12000,11173.0,0.0,583.0,245.0,0.0,12.0,22,10.00%,22.22,10.0,303.0,True,False,False,False,VISIBLE,49778ceb-6c0e-4e2b-9ce0-fef4c6c8d612,208ae30a-a4fe-42d4-9e51-e6fd1ad2a7a9,https://nbatopshot.com/listings/p2p/208ae30a-a4fe-42d4-9e51-e6fd1ad2a7a9+49778ceb-6c0e-4e2b-9ce0-fef4c6c8d612,10.00%,12000,22,3 Pointer,2,Base Set,Common,1610612747,0,LAL,,7:30 pm ET,1610612755,0,PHI,0,2022-01-27 19:30:00-05:00,Base Set-Common-2-3 Pointer,Base Set-Common-2-3 Pointer,0-0,0,9.209302325581396,3.116279069767442,2.372093023255814,0.6046511627906976,0.13953488372093023,0.813953488372093
Georges Niang,PHI,LAL,0022100733,1627777,43,27,16,0.628,23.03286821705426,3.3488372093023258,7.813953488372093,0.429,1.9069767441860466,4.953488372093023,0.385,0.8604651162790697,0.9767441860465116,0.881,0.37209302325581395,2.3255813953488373,2.697674418604651,1.4651162790697674,0.7209302325581395,0.4883720930232558,0.18604651162790697,0.4418604651162791,2.627906976744186,0,9.465116279069768,74,0,0,0022100733,home,nan,nan,nan,nan,None,None,nan,nan,nan,0,0,0,0,0,nan,0,nan,0,0,0,0,nan,0,0.0,0,0,0,0,0,0,0,0,0,0,0,0,nan,0,0,0,nan,2022-01-27 16:22,Base Set,Common,2,3 Pointer,2021-02-23 02:00:00+00:00,Utah Jazz,12000,10904.0,0.0,724.0,372.0,0.0,12.0,16,6.67%,6.67,6.67,297.0,True,False,False,False,VISIBLE,cdcc7dad-3a7e-4db3-af14-add10c463ae5,208ae30a-a4fe-42d4-9e51-e6fd1ad2a7a9,https://nbatopshot.com/listings/p2p/208ae30a-a4fe-42d4-9e51-e6fd1ad2a7a9+cdcc7dad-3a7e-4db3-af14-add10c463ae5,6.67%,12000,16,3 Pointer,2,Base Set,Common,1610612747,0,LAL,,7:30 pm ET,1610612755,0,PHI,0,2022-01-27 19:30:00-05:00,Base Set-Common-2-3 Pointer,Base Set-Common-2-3 Pointer,0-0,0,9.465116279069768,2.697674418604651,1.4651162790697674,0.4883720930232558,0.18604651162790697,0.7209302325581395
Isaiah Joe,PHI,LAL,0022100733,1630198,32,18,14,0.563,12.8121875,1.28125,3.78125,0.339,0.90625,2.90625,0.312,0.5625,0.59375,0.947,0.15625,1.0625,1.21875,0.78125,0.28125,0.28125,0.0625,0.125,0.96875,0,4.03125,-4,0,0,0022100733,home,nan,nan,nan,nan,None,None,nan,nan,nan,0,0,0,0,0,nan,0,nan,0,0,0,0,nan,0,0.0,0,0,0,0,0,0,0,0,0,0,0,0,nan,0,0,0,nan,2022-01-27 16:28,Base Set,Common,2,Jump Shot,2020-12-28 00:30:00+00:00,Philadelphia 76ers,4000,3725.0,0.0,198.0,78.0,0.0,12.0,65,0.00%,1.56,3.17,210.0,True,True,True,True,VISIBLE,872c5466-c213-4ee3-8a56-9952cc41205f,208ae30a-a4fe-42d4-9e51-e6fd1ad2a7a9,https://nbatopshot.com/listings/p2p/208ae30a-a4fe-42d4-9e51-e6fd1ad2a7a9+872c5466-c213-4ee3-8a56-9952cc41205f,0.00%,4000,65,Jump Shot,2,Base Set,Common,1610612747,0,LAL,,7:30 pm ET,1610612755,0,PHI,0,2022-01-27 19:30:00-05:00,Base Set-Common-2-Jump Shot,Base Set-Common-2-Jump Shot,0-0,0,4.03125,1.21875,0.78125,0.28125,0.0625,0.28125
Jaden Springer,PHI,LAL,0022100733,1630531,2,2,0,1.0,2.816666666666667,0.5,0.5,1.0,0.0,0.0,0.0,0.0,0.0,0.0,0.5,0.5,1.0,0.0,0.5,0.0,1.0,0.0,0.0,0,1.0,-8,0,0,0022100733,home,nan,nan,nan,nan,None,None,nan,nan,nan,0,0,0,0,0,nan,0,nan,0,0,0,0,nan,0,0.0,0,0,0,0,0,0,0,0,0,0,0,0,nan,0,0,0,nan,nan,nan,nan,nan,nan,nan,nan,nan,nan,nan,nan,nan,nan,nan,nan,nan,nan,nan,nan,nan,nan,nan,nan,nan,nan,nan,nan,nan,nan,nan,nan,nan,nan,nan,1610612747,0,LAL,,7:30 pm ET,1610612755,0,PHI,0,2022-01-27 19:30:00-05:00,nan,nan,0-0,0,1.0,1.0,0.0,0.0,1.0,0.5
Joel Embiid,PHI,LAL,0022100733,203954,36,25,11,0.694,32.824629629629634,9.416666666666666,18.88888888888889,0.499,1.2777777777777777,3.361111111111111,0.38,8.916666666666666,10.88888888888889,0.819,2.111111111111111,8.666666666666666,10.777777777777779,4.25,2.9166666666666665,0.9722222222222222,1.4444444444444444,1.1666666666666667,2.638888888888889,8,29.02777777777778,178,20,1,0022100733,home,nan,nan,nan,nan,None,None,nan,nan,nan,0,0,0,0,0,nan,0,nan,0,0,0,0,nan,0,0.0,0,0,0,0,0,0,0,0,0,0,0,0,nan,0,0,0,nan,2022-01-27 16:20,Base Set,Common,2,Jump Shot,2021-02-20 00:30:00+00:00,Philadelphia 76ers,40000,34042.0,0.0,3326.0,2649.0,0.0,12.0,12,0.00%,0.0,50.0,879.0,False,False,False,False,VISIBLE,c9e5350f-3227-4514-a813-8321542db9f2,208ae30a-a4fe-42d4-9e51-e6fd1ad2a7a9,https://nbatopshot.com/listings/p2p/208ae30a-a4fe-42d4-9e51-e6fd1ad2a7a9+c9e5350f-3227-4514-a813-8321542db9f2,-2.38%,1800,205,Dunk,2,Throwdowns,Rare,1610612747,0,LAL,,7:30 pm ET,1610612755,0,PHI,0,2022-01-27 19:30:00-05:00,Base Set-Common-2-Jump Shot,Throwdowns-Rare-2-Dunk,0-0,0,29.02777777777778,10.777777777777779,4.25,0.9722222222222222,1.4444444444444444,2.9166666666666665
Matisse Thybulle,PHI,LAL,0022100733,1629680,33,21,12,0.636,25.996414141414142,2.3333333333333335,4.878787878787879,0.478,0.696969696969697,2.515151515151515,0.277,0.30303030303030304,0.42424242424242425,0.714,0.5757575757575758,1.9090909090909092,2.484848484848485,1.121212121212121,0.696969696969697,1.8484848484848484,1.121212121212121,0.030303030303030304,2.272727272727273,0,5.666666666666667,10,0,0,0022100733,home,nan,nan,nan,nan,None,None,nan,nan,nan,0,0,0,0,0,nan,0,nan,0,0,0,0,nan,0,0.0,0,0,0,0,0,0,0,0,0,0,0,0,nan,0,0,0,nan,2022-01-27 16:20,Base Set,Common,2,Block,2021-01-23 00:30:00+00:00,Philadelphia 76ers,40000,33301.0,0.0,4376.0,2429.0,0.0,12.0,4,0.00%,0.0,0.0,1663.0,False,False,False,False,VISIBLE,98fca51f-2f2a-476f-a086-ac4c9b4551b0,208ae30a-a4fe-42d4-9e51-e6fd1ad2a7a9,https://nbatopshot.com/listings/p2p/208ae30a-a4fe-42d4-9e51-e6fd1ad2a7a9+98fca51f-2f2a-476f-a086-ac4c9b4551b0,0.00%,1530,149,Block,1,Base Set,Common,1610612747,0,LAL,,7:30 pm ET,1610612755,0,PHI,0,2022-01-27 19:30:00-05:00,Base Set-Common-2-Block,Base Set-Common-1-Block,0-0,0,5.666666666666667,2.484848484848485,1.121212121212121,1.8484848484848484,1.121212121212121,0.696969696969697
Myles Powell,PHI,LAL,0022100733,1629619,9,7,2,0.778,5.133333333333334,0.5555555555555556,1.7777777777777777,0.313,0.1111111111111111,0.5555555555555556,0.2,0.2222222222222222,0.2222222222222222,1.0,0.1111111111111111,0.4444444444444444,0.5555555555555556,0.3333333333333333,0.3333333333333333,0.1111111111111111,0.0,0.1111111111111111,0.6666666666666666,0,1.4444444444444444,-13,0,0,0022100733,home,nan,nan,nan,nan,None,None,nan,nan,nan,0,0,0,0,0,nan,0,nan,0,0,0,0,nan,0,0.0,0,0,0,0,0,0,0,0,0,0,0,0,nan,0,0,0,nan,nan,nan,nan,nan,nan,nan,nan,nan,nan,nan,nan,nan,nan,nan,nan,nan,nan,nan,nan,nan,nan,nan,nan,nan,nan,nan,nan,nan,nan,nan,nan,nan,nan,nan,1610612747,0,LAL,,7:30 pm ET,1610612755,0,PHI,0,2022-01-27 19:30:00-05:00,nan,nan,0-0,0,1.4444444444444444,0.5555555555555556,0.3333333333333333,0.1111111111111111,0.0,0.3333333333333333
Paul Reed,PHI,LAL,0022100733,1630194,21,10,11,0.476,8.788492063492063,0.9523809523809523,2.0476190476190474,0.465,0.0,0.19047619047619047,0.0,0.14285714285714285,0.38095238095238093,0.375,0.9523809523809523,1.2857142857142858,2.238095238095238,0.47619047619047616,0.3333333333333333,0.5714285714285714,0.47619047619047616,0.19047619047619047,1.3333333333333333,0,2.0476190476190474,-41,0,0,0022100733,home,nan,nan,nan,nan,None,None,nan,nan,nan,0,0,0,0,0,nan,0,nan,0,0,0,0,nan,0,0.0,0,0,0,0,0,0,0,0,0,0,0,0,nan,0,0,0,nan,2022-01-27 16:30,Base Set,Common,3,Block,2021-11-10 00:30:00+00:00,Philadelphia 76ers,12000,7977.0,0.0,818.0,3212.0,0.0,2.0,8,0.00%,0.0,0.0,320.0,True,nan,nan,nan,VISIBLE,2fe7ab09-9263-4460-90b1-6c61fc5083a8,e7b9646c-9997-46c8-909f-2a2b67389023,https://nbatopshot.com/listings/p2p/e7b9646c-9997-46c8-909f-2a2b67389023+2fe7ab09-9263-4460-90b1-6c61fc5083a8,0.00%,12000,8,Block,3,Base Set,Common,1610612747,0,LAL,,7:30 pm ET,1610612755,0,PHI,0,2022-01-27 19:30:00-05:00,Base Set-Common-3-Block,Base Set-Common-3-Block,0-0,0,2.0476190476190474,2.238095238095238,0.47619047619047616,0.5714285714285714,0.47619047619047616,0.3333333333333333
Seth Curry,PHI,LAL,0022100733,203552,40,24,16,0.6,34.810208333333335,5.975,11.75,0.509,2.275,5.45,0.417,1.6,1.825,0.877,0.375,3.025,3.4,3.975,1.9,0.8,0.225,0.225,2.15,1,15.825,128,1,0,0022100733,home,nan,nan,nan,nan,None,None,nan,nan,nan,0,0,0,0,0,nan,0,nan,0,0,0,0,nan,0,0.0,0,0,0,0,0,0,0,0,0,0,0,0,nan,0,0,0,nan,2022-01-27 16:41,Base Set,Common,3,Layup,2021-11-12 00:00:00+00:00,Philadelphia 76ers,60000,31788.0,0.0,12239.0,18867.0,0.0,2.0,2,-33.33%,-33.33,0.0,2565.0,nan,nan,nan,nan,VISIBLE,24c03bd1-7f95-4ae2-b436-592610edd02f,e7b9646c-9997-46c8-909f-2a2b67389023,https://nbatopshot.com/listings/p2p/e7b9646c-9997-46c8-909f-2a2b67389023+24c03bd1-7f95-4ae2-b436-592610edd02f,-8.33%,3340,55,Assist,1,Base Set,Common,1610612747,0,LAL,,7:30 pm ET,1610612755,0,PHI,0,2022-01-27 19:30:00-05:00,Base Set-Common-3-Layup,Base Set-Common-1-Assist,0-0,0,15.825,3.4,3.975,0.8,0.225,1.9
Shake Milton,PHI,LAL,0022100733,1629003,27,15,12,0.556,24.75191358024691,4.037037037037037,9.407407407407407,0.429,0.9259259259259259,2.925925925925926,0.316,1.5185185185185186,1.7777777777777777,0.854,0.48148148148148145,2.5185185185185186,3.0,2.7777777777777777,1.1481481481481481,0.7407407407407407,0.4074074074074074,0.4444444444444444,2.074074074074074,2,10.518518518518519,-12,0,0,0022100733,home,nan,nan,nan,nan,None,None,nan,nan,nan,0,0,0,0,0,nan,0,nan,0,0,0,0,nan,0,0.0,0,0,0,0,0,0,0,0,0,0,0,0,nan,0,0,0,nan,2022-01-27 16:15,2021 NBA Playoffs,Common,2,3 Pointer,2021-06-08 23:30:00+00:00,Philadelphia 76ers,11500,10922.0,0.0,578.0,54.0,0.0,20.0,8,0.00%,0.0,0.0,459.0,False,False,False,False,VISIBLE,e1c4a5f0-6040-4298-999f-8cbd585b80a4,6783b9d8-44c5-49c7-87e0-be217af963e9,https://nbatopshot.com/listings/p2p/6783b9d8-44c5-49c7-87e0-be217af963e9+e1c4a5f0-6040-4298-999f-8cbd585b80a4,11.11%,12000,10,Jump Shot,2,Base Set,Common,1610612747,0,LAL,,7:30 pm ET,1610612755,0,PHI,0,2022-01-27 19:30:00-05:00,2021 NBA Playoffs-Common-2-3 Pointer,Base Set-Common-2-Jump Shot,0-0,0,10.518518518518519,3.0,2.7777777777777777,0.7407407407407407,0.4074074074074074,1.1481481481481481
Tobias Harris,PHI,LAL,0022100733,202699,38,22,16,0.579,35.095043859649124,7.078947368421052,15.105263157894736,0.469,1.1842105263157894,3.6052631578947367,0.328,3.263157894736842,3.8157894736842106,0.855,1.131578947368421,6.368421052631579,7.5,3.763157894736842,1.6578947368421053,0.6578947368421053,0.631578947368421,1.263157894736842,2.0526315789473686,2,18.605263157894736,44,7,1,0022100733,home,nan,nan,nan,nan,None,None,nan,nan,nan,0,0,0,0,0,nan,0,nan,0,0,0,0,nan,0,0.0,0,0,0,0,0,0,0,0,0,0,0,0,nan,0,0,0,nan,2022-01-27 16:39,Base Set,Common,3,Layup,2021-10-30 23:30:00+00:00,Philadelphia 76ers,60000,36126.0,0.0,11191.0,15348.0,0.0,2.0,3,0.00%,0.0,50.0,2846.0,nan,nan,nan,nan,VISIBLE,cba0cf7d-e0a5-40f1-a16e-7c67a7f32278,e7b9646c-9997-46c8-909f-2a2b67389023,https://nbatopshot.com/listings/p2p/e7b9646c-9997-46c8-909f-2a2b67389023+cba0cf7d-e0a5-40f1-a16e-7c67a7f32278,2.44%,3999,42,Dunk,1,Base Set,Common,1610612747,0,LAL,,7:30 pm ET,1610612755,0,PHI,0,2022-01-27 19:30:00-05:00,Base Set-Common-3-Layup,Base Set-Common-1-Dunk,0-0,0,18.605263157894736,7.5,3.763157894736842,0.6578947368421053,0.631578947368421,1.6578947368421053
Tyler Johnson,PHI,LAL,0022100733,204020,3,2,1,0.667,12.719444444444443,1.3333333333333333,3.3333333333333335,0.4,1.0,2.3333333333333335,0.429,0.0,0.0,0.0,0.3333333333333333,1.6666666666666667,2.0,0.6666666666666666,0.3333333333333333,0.3333333333333333,0.3333333333333333,0.3333333333333333,1.3333333333333333,1,3.6666666666666665,9,0,0,0022100733,home,nan,nan,nan,nan,None,None,nan,nan,nan,0,0,0,0,0,nan,0,nan,0,0,0,0,nan,0,0.0,0,0,0,0,0,0,0,0,0,0,0,0,nan,0,0,0,nan,nan,nan,nan,nan,nan,nan,nan,nan,nan,nan,nan,nan,nan,nan,nan,nan,nan,nan,nan,nan,nan,nan,nan,nan,nan,nan,nan,nan,nan,nan,nan,nan,nan,nan,1610612747,0,LAL,,7:30 pm ET,1610612755,0,PHI,0,2022-01-27 19:30:00-05:00,nan,nan,0-0,0,3.6666666666666665,2.0,0.6666666666666666,0.3333333333333333,0.3333333333333333,0.3333333333333333
Tyrese Maxey,PHI,LAL,0022100733,1630178,40,22,18,0.55,35.311416666666666,6.2,13.325,0.465,1.425,3.475,0.41,2.725,3.1,0.879,0.375,3.05,3.425,4.475,1.175,0.65,0.5,0.775,2.125,2,16.55,35,0,0,0022100733,home,nan,nan,nan,nan,None,None,nan,nan,nan,0,0,0,0,0,nan,0,nan,0,0,0,0,nan,0,0.0,0,0,0,0,0,0,0,0,0,0,0,0,nan,0,0,0,nan,2022-01-27 16:40,Base Set,Common,2,Layup,2020-12-24 00:00:00+00:00,Philadelphia 76ers,4000,3810.0,0.0,186.0,4.0,0.0,12.0,279,1.45%,3.72,-11.15,178.0,True,True,True,True,VISIBLE,6d0f4982-015d-4e5c-8e46-0e8a8f9949ac,208ae30a-a4fe-42d4-9e51-e6fd1ad2a7a9,https://nbatopshot.com/listings/p2p/208ae30a-a4fe-42d4-9e51-e6fd1ad2a7a9+6d0f4982-015d-4e5c-8e46-0e8a8f9949ac,1.45%,4000,279,Layup,2,Base Set,Common,1610612747,0,LAL,,7:30 pm ET,1610612755,0,PHI,0,2022-01-27 19:30:00-05:00,Base Set-Common-2-Layup,Base Set-Common-2-Layup,0-0,0,16.55,3.425,4.475,0.65,0.5,1.175
Anthony Edwards,MIN,GSW,0022100734,1630162,41,21,20,0.512,35.111382113821136,8.21951219512195,18.4390243902439,0.446,3.317073170731707,8.829268292682928,0.376,2.902439024390244,3.658536585365854,0.793,1.024390243902439,4.146341463414634,5.170731707317073,3.4878048780487805,3.0,1.5609756097560976,0.7073170731707317,0.6585365853658537,2.3658536585365852,2,22.658536585365855,145,3,0,0022100734,away,nan,nan,nan,nan,None,None,nan,nan,nan,0,0,0,0,0,nan,0,nan,0,0,0,0,nan,0,0.0,0,0,0,0,0,0,0,0,0,0,0,0,nan,0,0,0,nan,2022-01-27 16:32,Base Set,Common,2,Dunk,2021-01-26 03:00:00+00:00,Minnesota Timberwolves,40000,35806.0,0.0,2501.0,1694.0,0.0,12.0,57,-6.56%,-9.52,-3.39,1763.0,False,False,True,True,VISIBLE,d5321f63-952c-42d5-bf43-9ea99e4e37ce,208ae30a-a4fe-42d4-9e51-e6fd1ad2a7a9,https://nbatopshot.com/listings/p2p/208ae30a-a4fe-42d4-9e51-e6fd1ad2a7a9+d5321f63-952c-42d5-bf43-9ea99e4e37ce,0.00%,1800,414,Dunk,2,Throwdowns,Rare,1610612750,0,MIN,,10:00 pm ET,1610612744,0,GSW,0,2022-01-27 22:00:00-05:00,Base Set-Common-2-Dunk,Throwdowns-Rare-2-Dunk,0-0,0,22.658536585365855,5.170731707317073,3.4878048780487805,1.5609756097560976,0.7073170731707317,3.0
Chris Silva,MIN,GSW,0022100734,1629735,1,1,0,1.0,3.4616666666666664,0.0,0.0,0.0,0.0,0.0,0.0,0.0,0.0,0.0,0.0,1.0,1.0,0.0,0.0,0.0,0.0,0.0,0.0,0,0.0,-6,0,0,0022100734,away,nan,nan,nan,nan,None,None,nan,nan,nan,0,0,0,0,0,nan,0,nan,0,0,0,0,nan,0,0.0,0,0,0,0,0,0,0,0,0,0,0,0,nan,0,0,0,nan,nan,nan,nan,nan,nan,nan,nan,nan,nan,nan,nan,nan,nan,nan,nan,nan,nan,nan,nan,nan,nan,nan,nan,nan,nan,nan,nan,nan,nan,nan,nan,nan,nan,nan,1610612750,0,MIN,,10:00 pm ET,1610612744,0,GSW,0,2022-01-27 22:00:00-05:00,nan,nan,0-0,0,0.0,1.0,0.0,0.0,0.0,0.0
D'Angelo Russell,MIN,GSW,0022100734,1626156,37,22,15,0.595,32.55936936936937,6.594594594594595,16.027027027027028,0.411,3.027027027027027,8.567567567567568,0.353,2.891891891891892,3.5405405405405403,0.817,0.32432432432432434,3.27027027027027,3.5945945945945947,6.972972972972973,2.7027027027027026,0.9459459459459459,0.5135135135135135,0.5135135135135135,2.2162162162162162,3,19.10810810810811,192,8,0,0022100734,away,nan,nan,nan,nan,None,None,nan,nan,nan,0,0,0,0,0,nan,0,nan,0,0,0,0,nan,0,0.0,0,0,0,0,0,0,0,0,0,0,0,0,nan,0,0,0,nan,2022-01-27 16:41,Base Set,Common,3,Handles,2021-11-25 01:00:00+00:00,Minnesota Timberwolves,9999,6727.0,0.0,1243.0,2042.0,0.0,2.0,31,0.00%,3.33,10.71,178.0,nan,nan,nan,nan,VISIBLE,1acc9155-ebeb-4060-ba1d-db8d42a1cc76,e7b9646c-9997-46c8-909f-2a2b67389023,https://nbatopshot.com/listings/p2p/e7b9646c-9997-46c8-909f-2a2b67389023+1acc9155-ebeb-4060-ba1d-db8d42a1cc76,0.00%,2879,118,Block,1,Base Set,Common,1610612750,0,MIN,,10:00 pm ET,1610612744,0,GSW,0,2022-01-27 22:00:00-05:00,Base Set-Common-3-Handles,Base Set-Common-1-Block,0-0,0,19.10810810810811,3.5945945945945947,6.972972972972973,0.9459459459459459,0.5135135135135135,2.7027027027027026
Greg Monroe,MIN,GSW,0022100734,202328,3,1,2,0.333,21.044444444444444,3.0,4.666666666666667,0.643,0.0,0.0,0.0,0.6666666666666666,1.6666666666666667,0.4,1.6666666666666667,5.333333333333333,7.0,3.6666666666666665,1.3333333333333333,0.6666666666666666,1.3333333333333333,0.6666666666666666,2.3333333333333335,1,6.666666666666667,-9,0,0,0022100734,away,nan,nan,nan,nan,None,None,nan,nan,nan,0,0,0,0,0,nan,0,nan,0,0,0,0,nan,0,0.0,0,0,0,0,0,0,0,0,0,0,0,0,nan,0,0,0,nan,nan,nan,nan,nan,nan,nan,nan,nan,nan,nan,nan,nan,nan,nan,nan,nan,nan,nan,nan,nan,nan,nan,nan,nan,nan,nan,nan,nan,nan,nan,nan,nan,nan,nan,1610612750,0,MIN,,10:00 pm ET,1610612744,0,GSW,0,2022-01-27 22:00:00-05:00,nan,nan,0-0,0,6.666666666666667,7.0,3.6666666666666665,0.6666666666666666,1.3333333333333333,1.3333333333333333
Jaden McDaniels,MIN,GSW,0022100734,1630183,44,23,21,0.523,25.576704545454547,3.227272727272727,7.7727272727272725,0.415,0.9318181818181818,3.477272727272727,0.268,0.6590909090909091,0.8409090909090909,0.784,1.2954545454545454,3.0454545454545454,4.340909090909091,1.0,1.0909090909090908,0.8409090909090909,0.6590909090909091,0.5227272727272727,3.340909090909091,1,8.045454545454545,-72,0,0,0022100734,away,nan,nan,nan,nan,None,None,nan,nan,nan,0,0,0,0,0,nan,0,nan,0,0,0,0,nan,0,0.0,0,0,0,0,0,0,0,0,0,0,0,0,nan,0,0,0,nan,2022-01-27 16:23,Base Set,Common,2,Dunk,2021-04-01 00:00:00+00:00,Minnesota Timberwolves,40000,36460.0,0.0,2414.0,1137.0,0.0,12.0,8,-11.11%,0.0,0.0,831.0,False,False,True,True,VISIBLE,19d50757-4040-4f2a-b197-123c90cae3f3,208ae30a-a4fe-42d4-9e51-e6fd1ad2a7a9,https://nbatopshot.com/listings/p2p/208ae30a-a4fe-42d4-9e51-e6fd1ad2a7a9+19d50757-4040-4f2a-b197-123c90cae3f3,0.00%,4000,53,3 Pointer,2,Base Set,Common,1610612750,0,MIN,,10:00 pm ET,1610612744,0,GSW,0,2022-01-27 22:00:00-05:00,Base Set-Common-2-Dunk,Base Set-Common-2-3 Pointer,0-0,0,8.045454545454545,4.340909090909091,1.0,0.8409090909090909,0.6590909090909091,1.0909090909090908
Jake Layman,MIN,GSW,0022100734,1627774,20,11,9,0.55,7.934916666666666,0.85,2.3,0.37,0.2,1.2,0.167,0.3,0.4,0.75,0.2,0.95,1.15,0.25,0.35,0.3,0.15,0.15,0.4,0,2.2,-38,0,0,0022100734,away,nan,nan,nan,nan,None,None,nan,nan,nan,0,0,0,0,0,nan,0,nan,0,0,0,0,nan,0,0.0,0,0,0,0,0,0,0,0,0,0,0,0,nan,0,0,0,nan,2022-01-27 16:19,Base Set,Common,2,Dunk,2021-02-01 01:00:00+00:00,Minnesota Timberwolves,12000,9980.0,0.0,1202.0,821.0,0.0,12.0,18,0.00%,0.0,5.88,261.0,True,False,False,False,VISIBLE,3ed31b5b-eeb5-4c6c-bb77-3c722d5bd813,208ae30a-a4fe-42d4-9e51-e6fd1ad2a7a9,https://nbatopshot.com/listings/p2p/208ae30a-a4fe-42d4-9e51-e6fd1ad2a7a9+3ed31b5b-eeb5-4c6c-bb77-3c722d5bd813,0.00%,12000,18,Dunk,2,Base Set,Common,1610612750,0,MIN,,10:00 pm ET,1610612744,0,GSW,0,2022-01-27 22:00:00-05:00,Base Set-Common-2-Dunk,Base Set-Common-2-Dunk,0-0,0,2.2,1.15,0.25,0.3,0.15,0.35
Jarred Vanderbilt,MIN,GSW,0022100734,1629020,42,22,20,0.524,26.03972222222222,2.9285714285714284,4.9523809523809526,0.591,0.047619047619047616,0.23809523809523808,0.2,1.0476190476190477,1.619047619047619,0.647,3.238095238095238,5.928571428571429,9.166666666666666,1.4523809523809523,1.0714285714285714,1.5952380952380953,0.7142857142857143,0.6666666666666666,2.761904761904762,1,6.9523809523809526,150,6,0,0022100734,away,nan,nan,nan,nan,None,None,nan,nan,nan,0,0,0,0,0,nan,0,nan,0,0,0,0,nan,0,0.0,0,0,0,0,0,0,0,0,0,0,0,0,nan,0,0,0,nan,2022-01-27 16:30,Base Set,Common,3,Dunk,2021-12-18 03:00:00+00:00,Minnesota Timberwolves,60000,12388.0,0.0,3272.0,44732.0,0.0,2.0,5,0.00%,25.0,25.0,455.0,nan,nan,nan,nan,VISIBLE,f869f767-3cce-49e4-a323-68d675fe7a6b,e7b9646c-9997-46c8-909f-2a2b67389023,https://nbatopshot.com/listings/p2p/e7b9646c-9997-46c8-909f-2a2b67389023+f869f767-3cce-49e4-a323-68d675fe7a6b,-7.14%,12000,39,Dunk,2,Base Set,Common,1610612750,0,MIN,,10:00 pm ET,1610612744,0,GSW,0,2022-01-27 22:00:00-05:00,Base Set-Common-3-Dunk,Base Set-Common-2-Dunk,0-0,0,6.9523809523809526,9.166666666666666,1.4523809523809523,1.5952380952380953,0.7142857142857143,1.0714285714285714
Jaylen Nowell,MIN,GSW,0022100734,1629669,32,19,13,0.594,14.709947916666666,3.21875,6.65625,0.484,0.875,2.40625,0.364,1.03125,1.40625,0.733,0.3125,1.8125,2.125,2.125,0.53125,0.53125,0.1875,0.3125,1.0625,1,8.34375,-12,0,0,0022100734,away,nan,nan,nan,nan,None,None,nan,nan,nan,0,0,0,0,0,nan,0,nan,0,0,0,0,nan,0,0.0,0,0,0,0,0,0,0,0,0,0,0,0,nan,0,0,0,nan,2022-01-27 16:30,Base Set,Common,3,Dunk,2021-12-28 01:00:00+00:00,Minnesota Timberwolves,12000,7835.0,0.0,460.0,3706.0,0.0,2.0,30,3.45%,0.0,50.0,269.0,True,nan,nan,nan,VISIBLE,64d91ee1-bbcc-4b5a-a56c-968b803a7492,e7b9646c-9997-46c8-909f-2a2b67389023,https://nbatopshot.com/listings/p2p/e7b9646c-9997-46c8-909f-2a2b67389023+64d91ee1-bbcc-4b5a-a56c-968b803a7492,3.45%,12000,30,Dunk,3,Base Set,Common,1610612750,0,MIN,,10:00 pm ET,1610612744,0,GSW,0,2022-01-27 22:00:00-05:00,Base Set-Common-3-Dunk,Base Set-Common-3-Dunk,0-0,0,8.34375,2.125,2.125,0.53125,0.1875,0.53125
Jordan McLaughlin,MIN,GSW,0022100734,1629162,29,15,14,0.517,10.883505747126437,0.7241379310344828,2.5517241379310347,0.284,0.13793103448275862,0.9655172413793104,0.143,0.5172413793103449,0.7586206896551724,0.682,0.20689655172413793,0.8275862068965517,1.0344827586206897,2.2758620689655173,0.6551724137931034,0.6206896551724138,0.034482758620689655,0.3103448275862069,0.4482758620689655,0,2.103448275862069,-78,0,0,0022100734,away,nan,nan,nan,nan,None,None,nan,nan,nan,0,0,0,0,0,nan,0,nan,0,0,0,0,nan,0,0.0,0,0,0,0,0,0,0,0,0,0,0,0,nan,0,0,0,nan,2022-01-27 16:21,Base Set,Common,2,Layup,2021-04-05 23:00:00+00:00,Minnesota Timberwolves,40000,33941.0,0.0,3677.0,2429.0,1.0,12.0,7,0.00%,0.0,0.0,714.0,False,False,False,False,VISIBLE,d42469c1-4f3d-4228-8b28-5caa96a6fa6b,208ae30a-a4fe-42d4-9e51-e6fd1ad2a7a9,https://nbatopshot.com/listings/p2p/208ae30a-a4fe-42d4-9e51-e6fd1ad2a7a9+d42469c1-4f3d-4228-8b28-5caa96a6fa6b,-3.33%,3999,58,Dunk,1,Base Set,Common,1610612750,0,MIN,,10:00 pm ET,1610612744,0,GSW,0,2022-01-27 22:00:00-05:00,Base Set-Common-2-Layup,Base Set-Common-1-Dunk,0-0,0,2.103448275862069,1.0344827586206897,2.2758620689655173,0.6206896551724138,0.034482758620689655,0.6551724137931034
Josh Okogie,MIN,GSW,0022100734,1629006,30,12,18,0.4,12.849722222222223,0.8333333333333334,2.4,0.347,0.3,1.1,0.273,0.7666666666666667,1.2333333333333334,0.622,0.8333333333333334,1.1666666666666667,2.0,0.6,0.5,0.5666666666666667,0.3,0.26666666666666666,1.3,1,2.7333333333333334,20,0,0,0022100734,away,nan,nan,nan,nan,None,None,nan,nan,nan,0,0,0,0,0,nan,0,nan,0,0,0,0,nan,0,0.0,0,0,0,0,0,0,0,0,0,0,0,0,nan,0,0,0,nan,2022-01-27 16:42,Base Set,Common,3,Block,2021-11-30 01:00:00+00:00,Minnesota Timberwolves,60000,28622.0,0.0,10043.0,24331.0,0.0,2.0,3,0.00%,0.0,50.0,1745.0,nan,nan,nan,nan,VISIBLE,778c24e9-888d-4ce6-a52b-b825b2b50160,e7b9646c-9997-46c8-909f-2a2b67389023,https://nbatopshot.com/listings/p2p/e7b9646c-9997-46c8-909f-2a2b67389023+778c24e9-888d-4ce6-a52b-b825b2b50160,-1.89%,3999,52,Dunk,1,Base Set,Common,1610612750,0,MIN,,10:00 pm ET,1610612744,0,GSW,0,2022-01-27 22:00:00-05:00,Base Set-Common-3-Block,Base Set-Common-1-Dunk,0-0,0,2.7333333333333334,2.0,0.6,0.5666666666666667,0.3,0.5
Karl-Anthony Towns,MIN,GSW,0022100734,1626157,40,22,18,0.55,34.56916666666667,8.525,16.525,0.516,2.225,5.425,0.41,4.825,5.95,0.811,2.775,6.575,9.35,3.625,3.425,1.075,1.275,1.275,3.7,5,24.1,138,19,0,0022100734,away,nan,nan,nan,nan,None,None,nan,nan,nan,0,0,0,0,0,nan,0,nan,0,0,0,0,nan,0,0.0,0,0,0,0,0,0,0,0,0,0,0,0,nan,0,0,0,nan,2022-01-27 16:38,Base Set,Common,3,Dunk,2021-10-21 00:00:00+00:00,Minnesota Timberwolves,60000,38243.0,0.0,9830.0,13961.0,0.0,2.0,3,0.00%,0.0,0.0,2190.0,nan,nan,nan,nan,VISIBLE,88bf9a81-b138-4168-b9d3-187e67a17bc2,e7b9646c-9997-46c8-909f-2a2b67389023,https://nbatopshot.com/listings/p2p/e7b9646c-9997-46c8-909f-2a2b67389023+88bf9a81-b138-4168-b9d3-187e67a17bc2,0.00%,1800,133,Dunk,2,Throwdowns,Rare,1610612750,0,MIN,,10:00 pm ET,1610612744,0,GSW,0,2022-01-27 22:00:00-05:00,Base Set-Common-3-Dunk,Throwdowns-Rare-2-Dunk,0-0,0,24.1,9.35,3.625,1.075,1.275,3.425
Leandro Bolmaro,MIN,GSW,0022100734,1630195,24,12,12,0.5,7.751874999999999,0.375,1.3333333333333333,0.281,0.08333333333333333,0.5,0.167,0.3333333333333333,0.375,0.889,0.625,0.8333333333333334,1.4583333333333333,0.4583333333333333,0.5,0.20833333333333334,0.0,0.041666666666666664,0.875,0,1.1666666666666667,-33,0,0,0022100734,away,nan,nan,nan,nan,None,None,nan,nan,nan,0,0,0,0,0,nan,0,nan,0,0,0,0,nan,0,0.0,0,0,0,0,0,0,0,0,0,0,0,0,nan,0,0,0,nan,nan,nan,nan,nan,nan,nan,nan,nan,nan,nan,nan,nan,nan,nan,nan,nan,nan,nan,nan,nan,nan,nan,nan,nan,nan,nan,nan,nan,nan,nan,nan,nan,nan,nan,1610612750,0,MIN,,10:00 pm ET,1610612744,0,GSW,0,2022-01-27 22:00:00-05:00,nan,nan,0-0,0,1.1666666666666667,1.4583333333333333,0.4583333333333333,0.20833333333333334,0.0,0.5
Malik Beasley,MIN,GSW,0022100734,1627736,47,24,23,0.511,26.492056737588655,4.297872340425532,11.53191489361702,0.373,2.9148936170212765,8.361702127659575,0.349,0.44680851063829785,0.6170212765957447,0.724,0.3829787234042553,2.6808510638297873,3.0638297872340425,1.5957446808510638,0.7021276595744681,0.5531914893617021,0.14893617021276595,0.5319148936170213,1.2127659574468086,0,11.957446808510639,-68,0,0,0022100734,away,nan,nan,nan,nan,None,None,nan,nan,nan,0,0,0,0,0,nan,0,nan,0,0,0,0,nan,0,0.0,0,0,0,0,0,0,0,0,0,0,0,0,nan,0,0,0,nan,2022-01-27 16:31,Base Set,Common,2,Handles,2021-01-11 01:00:00+00:00,Minnesota Timberwolves,40000,35554.0,0.0,2721.0,1753.0,0.0,12.0,8,0.00%,0.0,0.0,1603.0,False,False,False,False,VISIBLE,5cd75a86-c7dc-45da-b1b4-475297f5781c,208ae30a-a4fe-42d4-9e51-e6fd1ad2a7a9,https://nbatopshot.com/listings/p2p/208ae30a-a4fe-42d4-9e51-e6fd1ad2a7a9+5cd75a86-c7dc-45da-b1b4-475297f5781c,0.00%,12000,15,Dunk,2,Base Set,Common,1610612750,0,MIN,,10:00 pm ET,1610612744,0,GSW,0,2022-01-27 22:00:00-05:00,Base Set-Common-2-Handles,Base Set-Common-2-Dunk,0-0,0,11.957446808510639,3.0638297872340425,1.5957446808510638,0.5531914893617021,0.14893617021276595,0.7021276595744681
McKinley Wright IV,MIN,GSW,0022100734,1630593,3,3,0,1.0,2.8555555555555556,0.6666666666666666,1.0,0.667,0.3333333333333333,0.6666666666666666,0.5,0.0,0.0,0.0,0.0,0.0,0.0,0.3333333333333333,0.3333333333333333,0.0,0.0,0.0,0.3333333333333333,0,1.6666666666666667,-9,0,0,0022100734,away,nan,nan,nan,nan,None,None,nan,nan,nan,0,0,0,0,0,nan,0,nan,0,0,0,0,nan,0,0.0,0,0,0,0,0,0,0,0,0,0,0,0,nan,0,0,0,nan,nan,nan,nan,nan,nan,nan,nan,nan,nan,nan,nan,nan,nan,nan,nan,nan,nan,nan,nan,nan,nan,nan,nan,nan,nan,nan,nan,nan,nan,nan,nan,nan,nan,nan,1610612750,0,MIN,,10:00 pm ET,1610612744,0,GSW,0,2022-01-27 22:00:00-05:00,nan,nan,0-0,0,1.6666666666666667,0.0,0.3333333333333333,0.0,0.0,0.3333333333333333
Nathan Knight,MIN,GSW,0022100734,1630233,23,12,11,0.522,7.986376811594203,1.0434782608695652,2.1739130434782608,0.48,0.08695652173913043,0.30434782608695654,0.286,1.2173913043478262,1.7391304347826086,0.7,0.9565217391304348,1.5217391304347827,2.4782608695652173,0.6086956521739131,0.5217391304347826,0.17391304347826086,0.30434782608695654,0.21739130434782608,1.1304347826086956,1,3.391304347826087,9,1,0,0022100734,away,nan,nan,nan,nan,None,None,nan,nan,nan,0,0,0,0,0,nan,0,nan,0,0,0,0,nan,0,0.0,0,0,0,0,0,0,0,0,0,0,0,0,nan,0,0,0,nan,2022-01-27 16:24,Base Set,Common,2,Dunk,2021-03-14 23:30:00+00:00,Atlanta Hawks,12000,11242.0,0.0,540.0,221.0,0.0,12.0,23,0.00%,0.0,4.55,362.0,True,False,True,True,VISIBLE,6f07b8d6-74dd-4c9e-af2c-4bc65857bdeb,208ae30a-a4fe-42d4-9e51-e6fd1ad2a7a9,https://nbatopshot.com/listings/p2p/208ae30a-a4fe-42d4-9e51-e6fd1ad2a7a9+6f07b8d6-74dd-4c9e-af2c-4bc65857bdeb,0.00%,12000,23,Dunk,2,Base Set,Common,1610612750,0,MIN,,10:00 pm ET,1610612744,0,GSW,0,2022-01-27 22:00:00-05:00,Base Set-Common-2-Dunk,Base Set-Common-2-Dunk,0-0,0,3.391304347826087,2.4782608695652173,0.6086956521739131,0.17391304347826086,0.30434782608695654,0.5217391304347826
Naz Reid,MIN,GSW,0022100734,1629675,44,22,22,0.5,16.29340909090909,3.090909090909091,6.863636363636363,0.45,0.7954545454545454,2.4318181818181817,0.327,1.5454545454545454,2.1363636363636362,0.723,1.5,2.5454545454545454,4.045454545454546,0.7727272727272727,1.0227272727272727,0.45454545454545453,1.0227272727272727,0.4772727272727273,2.2954545454545454,1,8.522727272727273,-117,2,0,0022100734,away,nan,nan,nan,nan,None,None,nan,nan,nan,0,0,0,0,0,nan,0,nan,0,0,0,0,nan,0,0.0,0,0,0,0,0,0,0,0,0,0,0,0,nan,0,0,0,nan,2022-01-27 16:27,Base Set,Common,2,Dunk,2021-02-18 01:00:00+00:00,Minnesota Timberwolves,12000,11222.0,0.0,549.0,230.0,0.0,12.0,28,12.00%,7.69,3.7,256.0,True,False,False,False,VISIBLE,6aca8f13-9c30-46c7-ab89-b76faa853db1,208ae30a-a4fe-42d4-9e51-e6fd1ad2a7a9,https://nbatopshot.com/listings/p2p/208ae30a-a4fe-42d4-9e51-e6fd1ad2a7a9+6aca8f13-9c30-46c7-ab89-b76faa853db1,12.00%,12000,28,Dunk,2,Base Set,Common,1610612750,0,MIN,,10:00 pm ET,1610612744,0,GSW,0,2022-01-27 22:00:00-05:00,Base Set-Common-2-Dunk,Base Set-Common-2-Dunk,0-0,0,8.522727272727273,4.045454545454546,0.7727272727272727,0.45454545454545453,1.0227272727272727,1.0227272727272727
Patrick Beverley,MIN,GSW,0022100734,201976,32,16,16,0.5,26.063020833333333,3.09375,7.59375,0.407,1.21875,3.90625,0.312,1.3125,1.90625,0.689,1.1875,3.3125,4.5,5.03125,1.15625,1.15625,0.90625,0.34375,2.84375,2,8.71875,88,2,0,0022100734,away,nan,nan,nan,nan,None,None,nan,nan,nan,0,0,0,0,0,nan,0,nan,0,0,0,0,nan,0,0.0,0,0,0,0,0,0,0,0,0,0,0,0,nan,0,0,0,nan,2022-01-27 16:31,Base Set,Common,2,Layup,2020-12-31 03:00:00+00:00,LA Clippers,40000,34958.0,0.0,3317.0,1815.0,0.0,12.0,4,0.00%,0.0,0.0,1972.0,False,False,False,False,VISIBLE,2281ca46-db52-4929-85a4-fe2d1608191b,208ae30a-a4fe-42d4-9e51-e6fd1ad2a7a9,https://nbatopshot.com/listings/p2p/208ae30a-a4fe-42d4-9e51-e6fd1ad2a7a9+2281ca46-db52-4929-85a4-fe2d1608191b,0.00%,3999,34,3 Pointer,1,Base Set,Common,1610612750,0,MIN,,10:00 pm ET,1610612744,0,GSW,0,2022-01-27 22:00:00-05:00,Base Set-Common-2-Layup,Base Set-Common-1-3 Pointer,0-0,0,8.71875,4.5,5.03125,1.15625,0.90625,1.15625
Taurean Prince,MIN,GSW,0022100734,1627752,36,19,17,0.528,14.929166666666667,1.6388888888888888,4.027777777777778,0.407,0.8333333333333334,2.5555555555555554,0.326,0.5555555555555556,0.7222222222222222,0.769,0.3888888888888889,1.5833333333333333,1.9722222222222223,0.8611111111111112,0.6388888888888888,0.4166666666666667,0.2222222222222222,0.1111111111111111,1.3611111111111112,1,4.666666666666667,-60,0,0,0022100734,away,nan,nan,nan,nan,None,None,nan,nan,nan,0,0,0,0,0,nan,0,nan,0,0,0,0,nan,0,0.0,0,0,0,0,0,0,0,0,0,0,0,0,nan,0,0,0,nan,2022-01-27 16:42,Base Set,Common,3,Layup,2021-11-27 23:00:00+00:00,Minnesota Timberwolves,60000,29013.0,0.0,9652.0,24342.0,0.0,2.0,3,0.00%,0.0,0.0,1486.0,nan,nan,nan,nan,VISIBLE,88631a32-86f8-46ef-a46a-6179dab3b768,e7b9646c-9997-46c8-909f-2a2b67389023,https://nbatopshot.com/listings/p2p/e7b9646c-9997-46c8-909f-2a2b67389023+88631a32-86f8-46ef-a46a-6179dab3b768,0.00%,12000,7,Assist,2,Base Set,Common,1610612750,0,MIN,,10:00 pm ET,1610612744,0,GSW,0,2022-01-27 22:00:00-05:00,Base Set-Common-3-Layup,Base Set-Common-2-Assist,0-0,0,4.666666666666667,1.9722222222222223,0.8611111111111112,0.4166666666666667,0.2222222222222222,0.6388888888888888
Andre Iguodala,GSW,MIN,0022100734,2738,25,16,9,0.64,20.504933333333334,1.56,4.04,0.386,0.52,2.4,0.217,0.52,0.64,0.813,0.76,2.6,3.36,3.88,0.92,0.84,0.84,0.04,0.96,1,4.16,112,0,0,0022100734,home,nan,nan,nan,nan,None,None,nan,nan,nan,0,0,0,0,0,nan,0,nan,0,0,0,0,nan,0,0.0,0,0,0,0,0,0,0,0,0,0,0,0,nan,0,0,0,nan,2022-01-27 16:40,Base Set,Common,3,Assist,2021-11-06 02:00:00+00:00,Golden State Warriors,60000,33783.0,0.0,12167.0,17045.0,0.0,2.0,3,0.00%,0.0,0.0,2334.0,nan,nan,nan,nan,VISIBLE,aac5697a-d359-4840-ac11-957e6a056efb,e7b9646c-9997-46c8-909f-2a2b67389023,https://nbatopshot.com/listings/p2p/e7b9646c-9997-46c8-909f-2a2b67389023+aac5697a-d359-4840-ac11-957e6a056efb,0.00%,1357,100,Steal,1,Base Set,Common,1610612750,0,MIN,,10:00 pm ET,1610612744,0,GSW,0,2022-01-27 22:00:00-05:00,Base Set-Common-3-Assist,Base Set-Common-1-Steal,0-0,0,4.16,3.36,3.88,0.84,0.84,0.92
Andrew Wiggins,GSW,MIN,0022100734,203952,44,32,12,0.727,31.43147727272727,6.7727272727272725,14.068181818181818,0.481,2.159090909090909,5.340909090909091,0.404,2.3636363636363638,3.522727272727273,0.671,1.0909090909090908,3.1136363636363638,4.204545454545454,2.022727272727273,1.5681818181818181,0.9318181818181818,0.5909090909090909,0.6136363636363636,1.8636363636363635,3,18.068181818181817,232,0,0,0022100734,home,nan,nan,nan,nan,None,None,nan,nan,nan,0,0,0,0,0,nan,0,nan,0,0,0,0,nan,0,0.0,0,0,0,0,0,0,0,0,0,0,0,0,nan,0,0,0,nan,2022-01-27 16:37,Base Set,Common,3,Dunk,2021-10-27 00:00:00+00:00,Golden State Warriors,60000,36868.0,0.0,11200.0,14150.0,0.0,2.0,3,0.00%,0.0,50.0,1915.0,nan,nan,nan,nan,VISIBLE,16ef2f18-e56f-432a-b5ca-f968427d3ff7,e7b9646c-9997-46c8-909f-2a2b67389023,https://nbatopshot.com/listings/p2p/e7b9646c-9997-46c8-909f-2a2b67389023+16ef2f18-e56f-432a-b5ca-f968427d3ff7,0.00%,3999,82,Dunk,1,Base Set,Common,1610612750,0,MIN,,10:00 pm ET,1610612744,0,GSW,0,2022-01-27 22:00:00-05:00,Base Set-Common-3-Dunk,Base Set-Common-1-Dunk,0-0,0,18.068181818181817,4.204545454545454,2.022727272727273,0.9318181818181818,0.5909090909090909,1.5681818181818181
Chris Chiozza,GSW,MIN,0022100734,1629185,24,16,8,0.667,10.460138888888888,0.6666666666666666,2.4166666666666665,0.276,0.5416666666666666,1.5833333333333333,0.342,0.041666666666666664,0.041666666666666664,1.0,0.3333333333333333,0.7916666666666666,1.125,1.7083333333333333,0.875,0.3333333333333333,0.0,0.20833333333333334,0.9166666666666666,0,1.9166666666666667,-31,0,0,0022100734,home,nan,nan,nan,nan,None,None,nan,nan,nan,0,0,0,0,0,nan,0,nan,0,0,0,0,nan,0,0.0,0,0,0,0,0,0,0,0,0,0,0,0,nan,0,0,0,nan,2022-01-27 16:23,Base Set,Common,2,Assist,2021-04-01 23:30:00+00:00,Brooklyn Nets,40000,35534.0,0.0,3275.0,1289.0,0.0,12.0,4,0.00%,0.0,0.0,2230.0,False,False,False,False,VISIBLE,103172b1-aaee-475a-a099-b2270f63ded5,208ae30a-a4fe-42d4-9e51-e6fd1ad2a7a9,https://nbatopshot.com/listings/p2p/208ae30a-a4fe-42d4-9e51-e6fd1ad2a7a9+103172b1-aaee-475a-a099-b2270f63ded5,6.25%,18000,17,Steal,2,Hustle and Show,Common,1610612750,0,MIN,,10:00 pm ET,1610612744,0,GSW,0,2022-01-27 22:00:00-05:00,Base Set-Common-2-Assist,Hustle and Show-Common-2-Steal,0-0,0,1.9166666666666667,1.125,1.7083333333333333,0.3333333333333333,0.0,0.875
Damion Lee,GSW,MIN,0022100734,1627814,37,26,11,0.703,20.499234234234233,3.027027027027027,6.513513513513513,0.465,1.162162162162162,3.135135135135135,0.371,1.0,1.162162162162162,0.86,0.40540540540540543,2.6486486486486487,3.054054054054054,0.9459459459459459,0.7027027027027027,0.5945945945945946,0.10810810810810811,0.13513513513513514,1.5675675675675675,1,8.216216216216216,91,0,0,0022100734,home,nan,nan,nan,nan,None,None,nan,nan,nan,0,0,0,0,0,nan,0,nan,0,0,0,0,nan,0,0.0,0,0,0,0,0,0,0,0,0,0,0,0,nan,0,0,0,nan,2022-01-27 16:28,Base Set,Common,2,3 Pointer,2020-12-28 01:00:00+00:00,Golden State Warriors,40000,36088.0,0.0,2906.0,1065.0,0.0,12.0,4,-20.00%,-20.0,-20.0,1492.0,False,False,False,False,VISIBLE,c119b0f0-80b5-4031-8915-945f019add22,208ae30a-a4fe-42d4-9e51-e6fd1ad2a7a9,https://nbatopshot.com/listings/p2p/208ae30a-a4fe-42d4-9e51-e6fd1ad2a7a9+c119b0f0-80b5-4031-8915-945f019add22,-7.41%,1500,50,Assist,1,Base Set,Common,1610612750,0,MIN,,10:00 pm ET,1610612744,0,GSW,0,2022-01-27 22:00:00-05:00,Base Set-Common-2-3 Pointer,Base Set-Common-1-Assist,0-0,0,8.216216216216216,3.054054054054054,0.9459459459459459,0.5945945945945946,0.10810810810810811,0.7027027027027027
Draymond Green,GSW,MIN,0022100734,203110,34,28,6,0.824,29.940980392156863,3.176470588235294,5.911764705882353,0.537,0.35294117647058826,1.2352941176470589,0.286,1.1764705882352942,1.9705882352941178,0.597,1.1176470588235294,6.4411764705882355,7.5588235294117645,7.352941176470588,3.1176470588235294,1.3823529411764706,1.2058823529411764,0.2647058823529412,2.764705882352941,2,7.882352941176471,196,3,1,0022100734,home,nan,nan,nan,nan,None,None,nan,nan,nan,0,0,0,0,0,nan,0,nan,0,0,0,0,nan,0,0.0,0,0,0,0,0,0,0,0,0,0,0,0,nan,0,0,0,nan,2022-01-27 16:40,Base Set,Common,3,Dunk,2021-11-06 02:00:00+00:00,Golden State Warriors,60000,34841.0,0.0,11113.0,16415.0,0.0,2.0,3,0.00%,0.0,50.0,2815.0,nan,nan,nan,nan,VISIBLE,ff5b8ae3-eb77-478b-a1b4-5ae4deb0a585,e7b9646c-9997-46c8-909f-2a2b67389023,https://nbatopshot.com/listings/p2p/e7b9646c-9997-46c8-909f-2a2b67389023+ff5b8ae3-eb77-478b-a1b4-5ae4deb0a585,0.00%,1500,240,Block,1,Base Set,Common,1610612750,0,MIN,,10:00 pm ET,1610612744,0,GSW,0,2022-01-27 22:00:00-05:00,Base Set-Common-3-Dunk,Base Set-Common-1-Block,0-0,0,7.882352941176471,7.5588235294117645,7.352941176470588,1.3823529411764706,1.2058823529411764,3.1176470588235294
Gary Payton II,GSW,MIN,0022100734,1627780,45,33,12,0.733,16.649185185185186,3.2222222222222223,5.088888888888889,0.633,0.6666666666666666,1.7555555555555555,0.38,0.5333333333333333,0.9333333333333333,0.571,1.0888888888888888,2.577777777777778,3.6666666666666665,0.8,0.5111111111111111,1.3333333333333333,0.28888888888888886,0.15555555555555556,1.7333333333333334,0,7.644444444444445,140,1,0,0022100734,home,nan,nan,nan,nan,None,None,nan,nan,nan,0,0,0,0,0,nan,0,nan,0,0,0,0,nan,0,0.0,0,0,0,0,0,0,0,0,0,0,0,0,nan,0,0,0,nan,2022-01-27 16:39,Base Set,Common,3,Dunk,2021-11-04 02:00:00+00:00,Golden State Warriors,12000,11124.0,0.0,775.0,103.0,0.0,2.0,20,0.00%,5.26,5.26,326.0,True,nan,nan,nan,VISIBLE,b642e834-6a4b-495f-82c2-c17415c21058,e7b9646c-9997-46c8-909f-2a2b67389023,https://nbatopshot.com/listings/p2p/e7b9646c-9997-46c8-909f-2a2b67389023+b642e834-6a4b-495f-82c2-c17415c21058,0.00%,12000,20,Dunk,3,Base Set,Common,1610612750,0,MIN,,10:00 pm ET,1610612744,0,GSW,0,2022-01-27 22:00:00-05:00,Base Set-Common-3-Dunk,Base Set-Common-3-Dunk,0-0,0,7.644444444444445,3.6666666666666665,0.8,1.3333333333333333,0.28888888888888886,0.5111111111111111
Jeff Dowtin,GSW,MIN,0022100734,1630288,4,3,1,0.75,6.933333333333334,0.75,1.5,0.5,0.0,0.25,0.0,0.0,0.0,0.0,0.25,1.5,1.75,0.75,0.25,0.0,0.25,0.0,0.5,0,1.5,17,0,0,0022100734,home,nan,nan,nan,nan,None,None,nan,nan,nan,0,0,0,0,0,nan,0,nan,0,0,0,0,nan,0,0.0,0,0,0,0,0,0,0,0,0,0,0,0,nan,0,0,0,nan,nan,nan,nan,nan,nan,nan,nan,nan,nan,nan,nan,nan,nan,nan,nan,nan,nan,nan,nan,nan,nan,nan,nan,nan,nan,nan,nan,nan,nan,nan,nan,nan,nan,nan,1610612750,0,MIN,,10:00 pm ET,1610612744,0,GSW,0,2022-01-27 22:00:00-05:00,nan,nan,0-0,0,1.5,1.75,0.75,0.0,0.25,0.25
Jonathan Kuminga,GSW,MIN,0022100734,1630228,36,26,10,0.722,11.94574074074074,2.388888888888889,4.861111111111111,0.491,0.5555555555555556,1.6111111111111112,0.345,1.4166666666666667,2.138888888888889,0.662,0.5,1.9166666666666667,2.4166666666666665,0.4722222222222222,0.75,0.3611111111111111,0.16666666666666666,0.3333333333333333,1.4444444444444444,1,6.75,28,1,0,0022100734,home,nan,nan,nan,nan,None,None,nan,nan,nan,0,0,0,0,0,nan,0,nan,0,0,0,0,nan,0,0.0,0,0,0,0,0,0,0,0,0,0,0,0,nan,0,0,0,nan,2022-01-27 16:31,Base Set,Common,3,3 Pointer,2021-10-31 00:30:00+00:00,Golden State Warriors,4000,1617.0,0.0,220.0,2163.0,0.0,2.0,292,1.04%,0.69,-4.58,91.0,True,True,True,True,VISIBLE,93d3fdac-bb17-412e-8239-38188b17b78b,e7b9646c-9997-46c8-909f-2a2b67389023,https://nbatopshot.com/listings/p2p/e7b9646c-9997-46c8-909f-2a2b67389023+93d3fdac-bb17-412e-8239-38188b17b78b,1.04%,4000,292,3 Pointer,3,Base Set,Common,1610612750,0,MIN,,10:00 pm ET,1610612744,0,GSW,0,2022-01-27 22:00:00-05:00,Base Set-Common-3-3 Pointer,Base Set-Common-3-3 Pointer,0-0,0,6.75,2.4166666666666665,0.4722222222222222,0.3611111111111111,0.16666666666666666,0.75
Jordan Poole,GSW,MIN,0022100734,1629673,42,31,11,0.738,29.30071428571429,5.738095238095238,13.071428571428571,0.439,2.4523809523809526,7.238095238095238,0.339,2.8095238095238093,3.0952380952380953,0.908,0.2619047619047619,2.6904761904761907,2.9523809523809526,3.2857142857142856,2.3333333333333335,0.7857142857142857,0.2857142857142857,0.8809523809523809,2.7142857142857144,2,16.738095238095237,216,0,0,0022100734,home,nan,nan,nan,nan,None,None,nan,nan,nan,0,0,0,0,0,nan,0,nan,0,0,0,0,nan,0,0.0,0,0,0,0,0,0,0,0,0,0,0,0,nan,0,0,0,nan,2022-01-27 16:37,Base Set,Common,3,Layup,2021-10-20 02:00:00+00:00,Golden State Warriors,60000,37592.0,0.0,10474.0,13967.0,0.0,2.0,3,0.00%,0.0,50.0,1409.0,nan,nan,nan,nan,VISIBLE,f1e12181-c051-4a19-b8be-34b4dabcc3f2,e7b9646c-9997-46c8-909f-2a2b67389023,https://nbatopshot.com/listings/p2p/e7b9646c-9997-46c8-909f-2a2b67389023+f1e12181-c051-4a19-b8be-34b4dabcc3f2,-5.13%,12000,37,Layup,2,Base Set,Common,1610612750,0,MIN,,10:00 pm ET,1610612744,0,GSW,0,2022-01-27 22:00:00-05:00,Base Set-Common-3-Layup,Base Set-Common-2-Layup,0-0,0,16.738095238095237,2.9523809523809526,3.2857142857142856,0.7857142857142857,0.2857142857142857,2.3333333333333335
Juan Toscano-Anderson,GSW,MIN,0022100734,1629308,46,35,11,0.761,15.325000000000001,1.7826086956521738,3.6739130434782608,0.485,0.3695652173913043,1.3478260869565217,0.274,0.6521739130434783,1.108695652173913,0.588,0.5434782608695652,2.369565217391304,2.9130434782608696,1.9130434782608696,1.108695652173913,0.7391304347826086,0.30434782608695654,0.2608695652173913,1.5869565217391304,0,4.586956521739131,51,0,0,0022100734,home,nan,nan,nan,nan,None,None,nan,nan,nan,0,0,0,0,0,nan,0,nan,0,0,0,0,nan,0,0.0,0,0,0,0,0,0,0,0,0,0,0,0,nan,0,0,0,nan,2022-01-27 16:23,Base Set,Common,2,Dunk,2021-04-16 00:00:00+00:00,Golden State Warriors,12000,11291.0,0.0,556.0,153.0,0.0,12.0,17,0.00%,6.25,-5.56,264.0,True,False,False,False,VISIBLE,ba2c1c1f-9a4b-430e-b54c-13a695733c74,208ae30a-a4fe-42d4-9e51-e6fd1ad2a7a9,https://nbatopshot.com/listings/p2p/208ae30a-a4fe-42d4-9e51-e6fd1ad2a7a9+ba2c1c1f-9a4b-430e-b54c-13a695733c74,0.00%,12000,17,Dunk,2,Base Set,Common,1610612750,0,MIN,,10:00 pm ET,1610612744,0,GSW,0,2022-01-27 22:00:00-05:00,Base Set-Common-2-Dunk,Base Set-Common-2-Dunk,0-0,0,4.586956521739131,2.9130434782608696,1.9130434782608696,0.7391304347826086,0.30434782608695654,1.108695652173913
Kevon Looney,GSW,MIN,0022100734,1626172,48,35,13,0.729,20.735069444444445,2.5208333333333335,4.5625,0.553,0.0,0.020833333333333332,0.0,1.0208333333333333,1.5833333333333333,0.645,2.6458333333333335,4.625,7.270833333333333,1.6458333333333333,0.8541666666666666,0.5625,0.7708333333333334,0.4791666666666667,2.625,1,6.0625,149,3,0,0022100734,home,nan,nan,nan,nan,None,None,nan,nan,nan,0,0,0,0,0,nan,0,nan,0,0,0,0,nan,0,0.0,0,0,0,0,0,0,0,0,0,0,0,0,nan,0,0,0,nan,2022-01-27 16:31,Base Set,Common,3,Layup,2021-12-14 00:00:00+00:00,Golden State Warriors,60000,24298.0,0.0,6361.0,32167.0,0.0,2.0,3,0.00%,0.0,50.0,993.0,nan,nan,nan,nan,VISIBLE,6cdb3f37-d1da-4385-974f-82f20be0766d,e7b9646c-9997-46c8-909f-2a2b67389023,https://nbatopshot.com/listings/p2p/e7b9646c-9997-46c8-909f-2a2b67389023+6cdb3f37-d1da-4385-974f-82f20be0766d,0.00%,12000,15,Dunk,2,Base Set,Common,1610612750,0,MIN,,10:00 pm ET,1610612744,0,GSW,0,2022-01-27 22:00:00-05:00,Base Set-Common-3-Layup,Base Set-Common-2-Dunk,0-0,0,6.0625,7.270833333333333,1.6458333333333333,0.5625,0.7708333333333334,0.8541666666666666
Klay Thompson,GSW,MIN,0022100734,202691,7,3,4,0.429,21.977619047619047,5.428571428571429,14.0,0.388,2.2857142857142856,6.857142857142857,0.333,1.5714285714285714,1.5714285714285714,1.0,0.42857142857142855,2.2857142857142856,2.7142857142857144,2.5714285714285716,1.7142857142857142,0.5714285714285714,0.2857142857142857,0.5714285714285714,1.1428571428571428,1,14.714285714285714,46,0,0,0022100734,home,nan,nan,nan,nan,None,None,nan,nan,nan,0,0,0,0,0,nan,0,nan,0,0,0,0,nan,0,0.0,0,0,0,0,0,0,0,0,0,0,0,0,nan,0,0,0,nan,2022-01-27 16:38,Vintage Vibes,Fandom,S21,Jump Shot,2014-03-05 00:00:00+00:00,Golden State Warriors,9702,9520.0,0.0,182.0,0.0,0.0,15.0,159,3.25%,-5.36,-8.62,530.0,True,nan,nan,nan,CHALLENGE_REWARD_RELEASED,39e63d88-816f-43ee-a751-bc45563fcdd6,9a009433-a0f7-4f02-80a1-59c2837b7384,https://nbatopshot.com/listings/p2p/9a009433-a0f7-4f02-80a1-59c2837b7384+39e63d88-816f-43ee-a751-bc45563fcdd6,3.25%,9702,159,Jump Shot,S21,Vintage Vibes,Fandom,1610612750,0,MIN,,10:00 pm ET,1610612744,0,GSW,0,2022-01-27 22:00:00-05:00,Vintage Vibes-Fandom-S21-Jump Shot,Vintage Vibes-Fandom-S21-Jump Shot,0-0,0,14.714285714285714,2.7142857142857144,2.5714285714285716,0.5714285714285714,0.2857142857142857,1.7142857142857142
Moses Moody,GSW,MIN,0022100734,1630541,27,22,5,0.815,7.039629629629629,0.7777777777777778,2.2962962962962963,0.339,0.18518518518518517,1.2592592592592593,0.147,0.4444444444444444,0.5555555555555556,0.8,0.14814814814814814,0.9259259259259259,1.0740740740740742,0.2962962962962963,0.14814814814814814,0.1111111111111111,0.14814814814814814,0.0,0.5185185185185185,0,2.185185185185185,-6,0,0,0022100734,home,nan,nan,nan,nan,None,None,nan,nan,nan,0,0,0,0,0,nan,0,nan,0,0,0,0,nan,0,0.0,0,0,0,0,0,0,0,0,0,0,0,0,nan,0,0,0,nan,2022-01-27 16:37,Base Set,Common,3,Layup,2021-10-20 02:00:00+00:00,Golden State Warriors,4000,2230.0,0.0,308.0,1462.0,0.0,2.0,74,2.78%,5.71,2.78,126.0,True,True,True,True,VISIBLE,f21d35f1-942d-4569-bb4f-d82b13bd521c,e7b9646c-9997-46c8-909f-2a2b67389023,https://nbatopshot.com/listings/p2p/e7b9646c-9997-46c8-909f-2a2b67389023+f21d35f1-942d-4569-bb4f-d82b13bd521c,2.78%,4000,74,Layup,3,Base Set,Common,1610612750,0,MIN,,10:00 pm ET,1610612744,0,GSW,0,2022-01-27 22:00:00-05:00,Base Set-Common-3-Layup,Base Set-Common-3-Layup,0-0,0,2.185185185185185,1.0740740740740742,0.2962962962962963,0.1111111111111111,0.14814814814814814,0.14814814814814814
Nemanja Bjelica,GSW,MIN,0022100734,202357,48,35,13,0.729,15.400486111111112,2.3541666666666665,5.25,0.448,0.8333333333333334,2.4375,0.342,0.8958333333333334,1.25,0.717,0.875,3.25,4.125,1.75,1.1666666666666667,0.6458333333333334,0.3541666666666667,0.3125,1.5833333333333333,1,6.4375,103,2,0,0022100734,home,nan,nan,nan,nan,None,None,nan,nan,nan,0,0,0,0,0,nan,0,nan,0,0,0,0,nan,0,0.0,0,0,0,0,0,0,0,0,0,0,0,0,nan,0,0,0,nan,2022-01-27 16:37,Base Set,Common,3,Assist,2021-10-20 02:00:00+00:00,Golden State Warriors,60000,35185.0,0.0,12877.0,14829.0,0.0,2.0,3,0.00%,0.0,0.0,2197.0,nan,nan,nan,nan,VISIBLE,0acfdf8b-d7ee-48d3-8bed-52afc59332fe,e7b9646c-9997-46c8-909f-2a2b67389023,https://nbatopshot.com/listings/p2p/e7b9646c-9997-46c8-909f-2a2b67389023+0acfdf8b-d7ee-48d3-8bed-52afc59332fe,0.00%,3999,31,3 Pointer,1,Base Set,Common,1610612750,0,MIN,,10:00 pm ET,1610612744,0,GSW,0,2022-01-27 22:00:00-05:00,Base Set-Common-3-Assist,Base Set-Common-1-3 Pointer,0-0,0,6.4375,4.125,1.75,0.6458333333333334,0.3541666666666667,1.1666666666666667
Otto Porter Jr.,GSW,MIN,0022100734,203490,41,32,9,0.78,21.646747967479673,3.1951219512195124,6.780487804878049,0.471,1.5609756097560976,3.8780487804878048,0.403,0.4878048780487805,0.6829268292682927,0.714,1.0,4.317073170731708,5.317073170731708,1.6097560975609757,0.5365853658536586,1.1219512195121952,0.43902439024390244,0.0975609756097561,1.2926829268292683,0,8.439024390243903,205,1,0,0022100734,home,nan,nan,nan,nan,None,None,nan,nan,nan,0,0,0,0,0,nan,0,nan,0,0,0,0,nan,0,0.0,0,0,0,0,0,0,0,0,0,0,0,0,nan,0,0,0,nan,2022-01-27 16:37,Base Set,Common,2,Jump Shot,2020-12-31 22:00:00+00:00,Chicago Bulls,15000,14430.0,0.0,570.0,9.0,0.0,12.0,26,8.33%,4.0,-3.7,867.0,False,False,False,False,VISIBLE,1d75a267-3da9-4165-b3d5-42f2bd9631fb,208ae30a-a4fe-42d4-9e51-e6fd1ad2a7a9,https://nbatopshot.com/listings/p2p/208ae30a-a4fe-42d4-9e51-e6fd1ad2a7a9+1d75a267-3da9-4165-b3d5-42f2bd9631fb,0.00%,275,1049,Dunk,1,Run It Back,Rare,1610612750,0,MIN,,10:00 pm ET,1610612744,0,GSW,0,2022-01-27 22:00:00-05:00,Base Set-Common-2-Jump Shot,Run It Back-Rare-1-Dunk,0-0,0,8.439024390243903,5.317073170731708,1.6097560975609757,1.1219512195121952,0.43902439024390244,0.5365853658536586
Quinndary Weatherspoon,GSW,MIN,0022100734,1629683,3,2,1,0.667,5.268888888888889,1.3333333333333333,1.3333333333333333,1.0,0.0,0.0,0.0,0.0,0.0,0.0,0.0,0.3333333333333333,0.3333333333333333,0.0,0.3333333333333333,0.3333333333333333,0.3333333333333333,0.0,1.6666666666666667,0,2.6666666666666665,-13,0,0,0022100734,home,nan,nan,nan,nan,None,None,nan,nan,nan,0,0,0,0,0,nan,0,nan,0,0,0,0,nan,0,0.0,0,0,0,0,0,0,0,0,0,0,0,0,nan,0,0,0,nan,nan,nan,nan,nan,nan,nan,nan,nan,nan,nan,nan,nan,nan,nan,nan,nan,nan,nan,nan,nan,nan,nan,nan,nan,nan,nan,nan,nan,nan,nan,nan,nan,nan,nan,1610612750,0,MIN,,10:00 pm ET,1610612744,0,GSW,0,2022-01-27 22:00:00-05:00,nan,nan,0-0,0,2.6666666666666665,0.3333333333333333,0.0,0.3333333333333333,0.3333333333333333,0.3333333333333333
Stephen Curry,GSW,MIN,0022100734,201939,44,34,10,0.773,34.60378787878788,8.340909090909092,20.045454545454547,0.416,4.75,12.727272727272727,0.373,4.340909090909091,4.7727272727272725,0.91,0.6363636363636364,4.75,5.386363636363637,6.2272727272727275,3.227272727272727,1.4090909090909092,0.45454545454545453,0.6590909090909091,2.0,3,25.772727272727273,439,8,2,0022100734,home,nan,nan,nan,nan,None,None,nan,nan,nan,0,0,0,0,0,nan,0,nan,0,0,0,0,nan,0,0.0,0,0,0,0,0,0,0,0,0,0,0,0,nan,0,0,0,nan,2022-01-27 16:41,Base Set,Common,3,3 Pointer,2021-10-22 02:00:00+00:00,Golden State Warriors,60000,37230.0,0.0,6797.0,16069.0,0.0,2.0,8,0.00%,0.0,14.29,1573.0,nan,nan,nan,nan,VISIBLE,f6058ca3-568c-44a6-bed0-5bf45ab54750,e7b9646c-9997-46c8-909f-2a2b67389023,https://nbatopshot.com/listings/p2p/e7b9646c-9997-46c8-909f-2a2b67389023+f6058ca3-568c-44a6-bed0-5bf45ab54750,-0.51%,2021,786,3 Pointer,2,2021 All-Star Game,Rare,1610612750,0,MIN,,10:00 pm ET,1610612744,0,GSW,0,2022-01-27 22:00:00-05:00,Base Set-Common-3-3 Pointer,2021 All-Star Game-Rare-2-3 Pointer,0-0,0,25.772727272727273,5.386363636363637,6.2272727272727275,1.4090909090909092,0.45454545454545453,3.227272727272727
