NAME,TEAM,OPP,GAME_ID,PLAYER_ID_AVG,GP,W,L,W_PCT,MIN_AVG,FGM_AVG,FGA_AVG,FG_PCT_AVG,FG3M_AVG,FG3A_AVG,FG3_PCT_AVG,FTM_AVG,FTA_AVG,FT_PCT_AVG,OREB_AVG,DREB_AVG,REB_AVG,AST_AVG,TOV_AVG,STL_AVG,BLK_AVG,BLKA,PF_AVG,PFD,PTS_AVG,PLUS_MINUS_AVG,DD2,TD3,GAME_ID_AVG,AWAYORHOME,STATUS,PLAYER_ID,JERSEYNUM,POSITION,STARTER,ONCOURT,PLAYED,NOTPLAYINGREASON,NOTPLAYINGDESCRIPTION,AST,BLK,BLKR,FGA,FGM,FG_PCT,PF_OFF,FOULSDRAWN,PF,PF_TECH,FTA,FTM,FT_PCT,MINUS,MIN,PLUS,PLUS_MINUS,PTS,PTS_FASTBREAK,PTS_PAINT,PTS_2NDCHANCE,DREB,OREB,REB,STL,FG3A,FG3M,FG3_PCT,TOV,FG2A,FG2M,FG2_PCT,DATE_UPDATED_EST,SET_EASY,TIER_EASY,SERIES_EASY,PLAY_EASY,DATE_MOMENT,TEAM_TS,COUNT_EASY,OWNED,UNIQUE_OWNERS,IN_PACKS,MINTED,TS_HELD,CS,LOW_ASK_EASY,4HCHANGE_EASY,24H,7D,LISTINGS,TSD,ROOKIE_PREMIERE,ROOKIE_MINT,ROOKIE_YEAR,EDITION_STATE,PLAY_ID,SET_ID,TS_LINK,SET_HARD,TIER_HARD,SERIES_HARD,PLAY_HARD,COUNT_HARD,LOW_ASK_HARD,4HCHANGE_HARD,AWAY_TEAM,AWAY_ID,HOME_TEAM,HOME_ID,PERIOD,GAME_CLOCK,AWAY_SCORE,HOME_SCORE,START_TIME,GAME_STATUS,EASY_MOMENT,HARD_MOMENT,SCORE,DIFFERENTIAL,GAME_CLOCK_,PTS_PROJ,REB_PROJ,AST_PROJ,PTS+REB+AST_PROJ,_PROJ
Alec Burks,NYK,CLE,0022100709,202692,46,23,23,0.5,27.538695652173914,3.4565217391304346,8.956521739130435,0.386,1.8695652173913044,4.695652173913044,0.398,2.6956521739130435,3.217391304347826,0.838,0.5652173913043478,3.782608695652174,4.3478260869565215,2.5217391304347827,0.9347826086956522,1.2173913043478262,0.2608695652173913,0.41304347826086957,2.3260869565217392,2,11.478260869565217,60,0,0,0022100709,away,ACTIVE,202692.0,18,nan,Bench,On Bench,1,nan,nan,4,0,0,4,0,0.0,0,1.0,3,0,0,0,0.0,36,18.366666666666667,33,-3,0,0,0,0,2,1,3,0,2,0,0.0,0,2,0,0.0,2022-01-24 21:41,Base Set,Common,2,Assist,2020-12-28 00:30:00+00:00,New York Knicks,12000,11545.0,0.0,455.0,0.0,0.0,12.0,33,-13.16,-8.33,0.0,647.0,True,False,False,False,VISIBLE,42cd9426-1f34-4d3f-a393-c70ba09a74eb,208ae30a-a4fe-42d4-9e51-e6fd1ad2a7a9,https://nbatopshot.com/listings/p2p/208ae30a-a4fe-42d4-9e51-e6fd1ad2a7a9+42cd9426-1f34-4d3f-a393-c70ba09a74eb,Base Set,Common,2,Assist,12000,33,-13.16,NYK,1610612752,CLE,1610612739,4,04:35.00,84,87,2022-01-24 19:00:00-05:00,Q4 04:35,Base Set-Common-2-Assist,Base Set-Common-2-Assist,87-84,3,Q4 - 04:35.00,1.096014492753623,3.4151570048309177,4.240791062801932,8.751962560386474,0
Cam Reddish,NYK,CLE,0022100709,1629629,1,1,0,1.0,5.395,1.0,2.0,0.5,0.0,1.0,0.0,0.0,0.0,0.0,0.0,2.0,2.0,0.0,0.0,0.0,0.0,0.0,0.0,0,2.0,1,0,0,0022100709,away,ACTIVE,1629629.0,21,nan,Bench,On Bench,0,nan,nan,0,0,0,0,0,0.0,0,0.0,0,0,0,0,0.0,0,0.0,0,0,0,0,0,0,0,0,0,0,0,0,0.0,0,0,0,0.0,2022-01-24 21:39,Base Set,Common,3,Dunk,2021-10-21 23:30:00+00:00,Atlanta Hawks,60000,35048.0,0.0,13004.0,13488.0,0.0,2.0,3,0.0,0.0,0.0,2648.0,nan,nan,nan,nan,VISIBLE,c7cf6044-ec3e-46cf-a0c2-c4b49b841a5b,e7b9646c-9997-46c8-909f-2a2b67389023,https://nbatopshot.com/listings/p2p/e7b9646c-9997-46c8-909f-2a2b67389023+c7cf6044-ec3e-46cf-a0c2-c4b49b841a5b,Throwdowns,Rare,2,Dunk,1800,84,0.0,NYK,1610612752,CLE,1610612739,4,04:35.00,84,87,2022-01-24 19:00:00-05:00,Q4 04:35,Base Set-Common-3-Dunk,Throwdowns-Rare-2-Dunk,87-84,3,Q4 - 04:35.00,0.1909722222222222,0.1909722222222222,0.0,0.3819444444444444,0
Evan Fournier,NYK,CLE,0022100709,203095,45,22,23,0.489,28.996703703703705,4.955555555555556,11.822222222222223,0.419,2.7333333333333334,6.955555555555556,0.393,1.0444444444444445,1.4222222222222223,0.734,0.4888888888888889,2.3777777777777778,2.8666666666666667,1.8222222222222222,1.3111111111111111,0.8666666666666667,0.24444444444444444,0.4,1.9333333333333333,1,13.688888888888888,-66,0,0,0022100709,away,ACTIVE,203095.0,13,SG,Starter,On Bench,1,nan,nan,0,0,0,9,3,0.333333333333333,0,1.0,0,0,0,0,0.0,55,21.3,41,-14,7,3,0,2,0,0,0,0,6,1,0.166666666666667,0,3,2,0.666666666666666,2022-01-24 21:38,Base Set,Common,2,Layup,2021-02-06 00:00:00+00:00,Orlando Magic,35000,31453.0,0.0,2391.0,1173.0,0.0,12.0,5,0.0,0.0,0.0,2035.0,False,False,False,False,VISIBLE,3cd32a2f-8590-4c1d-bdfe-dc00f117b1c4,208ae30a-a4fe-42d4-9e51-e6fd1ad2a7a9,https://nbatopshot.com/listings/p2p/208ae30a-a4fe-42d4-9e51-e6fd1ad2a7a9+3cd32a2f-8590-4c1d-bdfe-dc00f117b1c4,Metallic Gold LE,Rare,1,3 Pointer,299,375,0.0,NYK,1610612752,CLE,1610612739,4,04:35.00,84,87,2022-01-24 19:00:00-05:00,Q4 04:35,Base Set-Common-2-Layup,Metallic Gold LE-Rare-1-3 Pointer,87-84,3,Q4 - 04:35.00,8.307098765432098,0.27372685185185186,0.1739969135802469,8.754822530864196,0
Immanuel Quickley,NYK,CLE,0022100709,1630193,43,21,22,0.488,22.320038759689922,3.395348837209302,8.813953488372093,0.385,1.7674418604651163,5.069767441860465,0.349,1.697674418604651,1.8604651162790697,0.913,0.37209302325581395,2.0697674418604652,2.441860465116279,2.8372093023255816,1.255813953488372,0.6744186046511628,0.06976744186046512,0.4186046511627907,2.186046511627907,1,10.255813953488373,168,0,0,0022100709,away,ACTIVE,1630193.0,5,nan,Bench,In Game,1,nan,nan,5,0,0,9,1,0.111111111111111,0,1.0,2,0,0,0,0.0,32,21.25,43,11,3,0,0,0,1,0,1,1,5,1,0.2,1,4,0,0.0,2022-01-24 21:35,Base Set,Common,2,Handles,2021-01-17 18:00:00+00:00,New York Knicks,40000,35758.0,0.0,2639.0,1606.0,0.0,12.0,8,14.29,14.29,33.33,794.0,False,False,True,True,VISIBLE,6938e461-3c73-4901-ba5c-f81b924ff2de,208ae30a-a4fe-42d4-9e51-e6fd1ad2a7a9,https://nbatopshot.com/listings/p2p/208ae30a-a4fe-42d4-9e51-e6fd1ad2a7a9+6938e461-3c73-4901-ba5c-f81b924ff2de,Summer of '21,Fandom,S21,3 Pointer,1668,222,0.0,NYK,1610612752,CLE,1610612739,4,04:35.00,84,87,2022-01-24 19:00:00-05:00,Q4 04:35,Base Set-Common-2-Handles,Summer of '21-Fandom-S21-3 Pointer,87-84,3,Q4 - 04:35.00,3.9792877906976747,1.2331637596899225,5.270914082687338,10.483365633074936,0
Jericho Sims,NYK,CLE,0022100709,1630579,14,6,8,0.429,6.36,0.42857142857142855,0.5714285714285714,0.75,0.0,0.0,0.0,0.21428571428571427,0.2857142857142857,0.75,0.5714285714285714,1.0,1.5714285714285714,0.07142857142857142,0.14285714285714285,0.14285714285714285,0.35714285714285715,0.0,0.42857142857142855,0,1.0714285714285714,7,0,0,0022100709,away,ACTIVE,1630579.0,45,nan,Bench,On Bench,0,nan,nan,0,0,0,0,0,0.0,0,0.0,0,0,0,0,0.0,0,0.0,0,0,0,0,0,0,0,0,0,0,0,0,0.0,0,0,0,0.0,nan,nan,nan,nan,nan,nan,nan,nan,nan,nan,nan,nan,nan,nan,nan,nan,nan,nan,nan,nan,nan,nan,nan,nan,nan,nan,nan,nan,nan,nan,nan,nan,nan,nan,NYK,1610612752,CLE,1610612739,4,04:35.00,84,87,2022-01-24 19:00:00-05:00,Q4 04:35,nan,nan,87-84,3,Q4 - 04:35.00,0.10230654761904762,0.15004960317460317,0.006820436507936507,0.2591765873015873,0
Julius Randle,NYK,CLE,0022100709,203944,45,23,22,0.511,35.518,6.8,16.444444444444443,0.414,1.711111111111111,5.488888888888889,0.312,3.577777777777778,4.711111111111111,0.759,1.7555555555555555,8.244444444444444,10.0,5.088888888888889,3.4444444444444446,0.7333333333333333,0.6444444444444445,0.9111111111111111,2.8,4,18.88888888888889,-106,20,0,0022100709,away,ACTIVE,203944.0,30,PF,Starter,In Game,1,nan,nan,4,0,0,14,5,0.357142857142857,0,3.0,1,0,6,4,0.666666666666666,71,28.316666666666666,48,-23,16,2,4,1,5,1,6,3,6,2,0.333333333333333,4,8,3,0.375,2022-01-24 21:39,Base Set,Common,3,Dunk,2021-10-22 23:00:00+00:00,New York Knicks,60000,36838.0,0.0,11231.0,13239.0,0.0,2.0,3,0.0,0.0,0.0,2674.0,nan,nan,nan,nan,VISIBLE,5d26a108-0de6-442d-9719-8ad71488dbdb,e7b9646c-9997-46c8-909f-2a2b67389023,https://nbatopshot.com/listings/p2p/e7b9646c-9997-46c8-909f-2a2b67389023+5d26a108-0de6-442d-9719-8ad71488dbdb,2021 All-Star Game,Rare,2,Dunk,2021,163,5.16,NYK,1610612752,CLE,1610612739,4,04:35.00,84,87,2022-01-24 19:00:00-05:00,Q4 04:35,Base Set-Common-3-Dunk,2021 All-Star Game-Rare-2-Dunk,87-84,3,Q4 - 04:35.00,17.803626543209877,6.954861111111111,4.4859182098765435,29.24440586419753,0
Kemba Walker,NYK,CLE,0022100709,202689,26,14,12,0.538,27.12153846153846,4.615384615384615,11.192307692307692,0.412,2.3846153846153846,5.961538461538462,0.4,1.8461538461538463,2.269230769230769,0.814,0.4230769230769231,3.0,3.423076923076923,3.576923076923077,1.3846153846153846,0.8076923076923077,0.19230769230769232,0.5,1.2307692307692308,3,13.461538461538462,-124,1,1,0022100709,away,ACTIVE,202689.0,8,PG,Starter,On Bench,1,nan,nan,1,0,0,8,4,0.5,0,1.0,1,0,0,0,0.0,50,19.816666666666666,39,-11,8,2,4,2,1,0,1,1,3,0,0.0,2,5,4,0.8,2022-01-24 21:37,Base Set,Common,2,Assist,2021-01-17 18:00:00+00:00,Boston Celtics,35000,32624.0,0.0,1956.0,433.0,0.0,12.0,5,0.0,0.0,25.0,2090.0,False,False,False,False,VISIBLE,05cd517d-cffd-44fd-bdd1-2a7294c4c986,208ae30a-a4fe-42d4-9e51-e6fd1ad2a7a9,https://nbatopshot.com/listings/p2p/208ae30a-a4fe-42d4-9e51-e6fd1ad2a7a9+05cd517d-cffd-44fd-bdd1-2a7294c4c986,Metallic Gold LE,Rare,2,Jump Shot,499,150,0.0,NYK,1610612752,CLE,1610612739,4,04:35.00,84,87,2022-01-24 19:00:00-05:00,Q4 04:35,Base Set-Common-2-Assist,Metallic Gold LE-Rare-2-Jump Shot,87-84,3,Q4 - 04:35.00,9.285389957264957,1.3268563034188035,1.3415464743589745,11.953792735042736,0
Miles McBride,NYK,CLE,0022100709,1630540,18,8,10,0.444,8.105185185185185,0.8333333333333334,3.0,0.278,0.2777777777777778,1.5555555555555556,0.179,0.16666666666666666,0.2222222222222222,0.75,0.1111111111111111,0.7777777777777778,0.8888888888888888,1.1666666666666667,0.16666666666666666,0.4444444444444444,0.05555555555555555,0.16666666666666666,0.8333333333333334,0,2.111111111111111,34,0,0,0022100709,away,ACTIVE,1630540.0,2,nan,Bench,On Bench,0,nan,nan,0,0,0,0,0,0.0,0,0.0,0,0,0,0,0.0,0,0.0,0,0,0,0,0,0,0,0,0,0,0,0,0.0,0,0,0,0.0,nan,nan,nan,nan,nan,nan,nan,nan,nan,nan,nan,nan,nan,nan,nan,nan,nan,nan,nan,nan,nan,nan,nan,nan,nan,nan,nan,nan,nan,nan,nan,nan,nan,nan,NYK,1610612752,CLE,1610612739,4,04:35.00,84,87,2022-01-24 19:00:00-05:00,Q4 04:35,nan,nan,87-84,3,Q4 - 04:35.00,0.20158179012345678,0.08487654320987653,0.11140046296296295,0.3978587962962963,0
Nerlens Noel,NYK,CLE,0022100709,203457,19,9,10,0.474,23.170087719298248,1.4736842105263157,2.736842105263158,0.538,0.0,0.15789473684210525,0.0,0.7894736842105263,0.9473684210526315,0.833,2.210526315789474,3.6842105263157894,5.894736842105263,0.7368421052631579,0.8421052631578947,1.1578947368421053,1.4736842105263157,0.21052631578947367,2.5789473684210527,1,3.736842105263158,-24,0,0,0022100709,away,ACTIVE,203457.0,3,C,Starter,In Game,1,nan,nan,1,0,0,1,1,1.0,0,2.0,3,0,3,0,0.0,51,24.516666666666666,49,-2,2,0,2,0,8,3,11,2,0,0,0.0,0,1,1,1.0,2022-01-24 21:40,Base Set,Common,2,Block,2021-01-01 00:30:00+00:00,New York Knicks,15000,14371.0,0.0,629.0,1.0,0.0,12.0,13,-13.33,30.0,30.0,824.0,False,False,False,False,VISIBLE,dfe7eb65-dd07-4037-9468-4172e288c76b,208ae30a-a4fe-42d4-9e51-e6fd1ad2a7a9,https://nbatopshot.com/listings/p2p/208ae30a-a4fe-42d4-9e51-e6fd1ad2a7a9+dfe7eb65-dd07-4037-9468-4172e288c76b,Metallic Gold LE,Rare,1,Dunk,299,211,-4.95,NYK,1610612752,CLE,1610612739,4,04:35.00,84,87,2022-01-24 19:00:00-05:00,Q4 04:35,Base Set-Common-2-Block,Metallic Gold LE-Rare-1-Dunk,87-84,3,Q4 - 04:35.00,2.356816520467836,11.562865497076023,1.070358187134503,14.990040204678362,0
Obi Toppin,NYK,CLE,0022100709,1630167,42,21,21,0.5,15.698253968253969,2.8333333333333335,5.404761904761905,0.524,0.30952380952380953,1.5714285714285714,0.197,1.3571428571428572,1.7619047619047619,0.77,0.9285714285714286,2.619047619047619,3.5476190476190474,0.9761904761904762,0.7619047619047619,0.2857142857142857,0.47619047619047616,0.42857142857142855,1.380952380952381,1,7.333333333333333,104,1,0,0022100709,away,ACTIVE,1630167.0,1,nan,Bench,On Bench,1,nan,nan,0,0,0,9,5,0.555555555555556,1,0.0,3,0,0,0,0.0,16,15.1,36,20,13,0,4,0,4,2,6,1,4,3,0.75,2,5,2,0.4,2022-01-24 22:02,Base Set,Common,3,Dunk,2021-11-16 00:30:00+00:00,New York Knicks,60000,30540.0,0.0,13487.0,17637.0,0.0,2.0,3,0.0,0.0,50.0,2299.0,nan,nan,nan,nan,VISIBLE,ec5a581d-0963-4404-8166-2d060c7bb2e1,e7b9646c-9997-46c8-909f-2a2b67389023,https://nbatopshot.com/listings/p2p/e7b9646c-9997-46c8-909f-2a2b67389023+ec5a581d-0963-4404-8166-2d060c7bb2e1,Metallic Silver FE,Fandom,3,Dunk,17828,13,8.33,NYK,1610612752,CLE,1610612739,4,04:35.00,84,87,2022-01-24 19:00:00-05:00,Q4 04:35,Base Set-Common-3-Dunk,Metallic Silver FE-Fandom-3-Dunk,87-84,3,Q4 - 04:35.00,13.700231481481481,6.3387483465608465,0.09321263227513227,20.132192460317462,0
Quentin Grimes,NYK,CLE,0022100709,1629656,29,15,14,0.517,14.794942528735632,1.8275862068965518,4.551724137931035,0.402,1.4137931034482758,3.6206896551724137,0.39,0.20689655172413793,0.3103448275862069,0.667,0.3448275862068966,1.1379310344827587,1.4827586206896552,0.9655172413793104,0.5862068965517241,0.5517241379310345,0.13793103448275862,0.06896551724137931,1.3793103448275863,0,5.275862068965517,-38,0,0,0022100709,away,ACTIVE,1629656.0,6,nan,Bench,In Game,1,nan,nan,1,1,0,6,3,0.5,0,1.0,0,0,0,0,0.0,22,19.8,42,20,9,3,0,3,0,1,1,0,5,3,0.6,0,1,0,0.0,nan,nan,nan,nan,nan,nan,nan,nan,nan,nan,nan,nan,nan,nan,nan,nan,nan,nan,nan,nan,nan,nan,nan,nan,nan,nan,nan,nan,nan,nan,nan,nan,nan,nan,NYK,1610612752,CLE,1610612739,4,04:35.00,84,87,2022-01-24 19:00:00-05:00,Q4 04:35,nan,nan,87-84,3,Q4 - 04:35.00,9.503771551724139,1.1415828544061302,1.0921934865900382,11.737547892720306,0
RJ Barrett,NYK,CLE,0022100709,1629628,40,21,19,0.525,32.5395,6.15,14.825,0.415,1.95,5.475,0.356,2.95,4.225,0.698,0.8,5.075,5.875,2.525,1.95,0.5,0.325,1.275,2.1,3,17.2,-124,3,0,0022100709,away,ACTIVE,1629628.0,9,SF,Starter,In Game,1,nan,nan,4,0,1,14,8,0.5714285714285711,0,5.0,0,0,8,3,0.375,66,29.716666666666665,54,-12,20,7,14,0,3,1,4,2,3,1,0.333333333333333,1,11,7,0.636363636363636,2022-01-24 21:39,Base Set,Common,2,Dunk,2021-02-02 01:00:00+00:00,New York Knicks,35000,31715.0,0.0,2678.0,613.0,0.0,12.0,5,-16.67,0.0,-16.67,2078.0,False,False,False,False,VISIBLE,edada771-9724-41a0-b084-7b3b6bd5cb57,208ae30a-a4fe-42d4-9e51-e6fd1ad2a7a9,https://nbatopshot.com/listings/p2p/208ae30a-a4fe-42d4-9e51-e6fd1ad2a7a9+edada771-9724-41a0-b084-7b3b6bd5cb57,Rising Stars,Rare,2,Dunk,2021,205,-0.97,NYK,1610612752,CLE,1610612739,4,04:35.00,84,87,2022-01-24 19:00:00-05:00,Q4 04:35,Base Set-Common-2-Dunk,Rising Stars-Rare-2-Dunk,87-84,3,Q4 - 04:35.00,21.64236111111111,4.560980902777778,4.241102430555555,30.444444444444443,0
Taj Gibson,NYK,CLE,0022100709,201959,30,15,15,0.5,18.663333333333334,1.4,2.8333333333333335,0.494,0.13333333333333333,0.5,0.267,0.6333333333333333,0.9,0.704,1.6333333333333333,2.8,4.433333333333334,0.7,0.7,0.43333333333333335,0.8666666666666667,0.16666666666666666,2.7,0,3.566666666666667,42,0,0,0022100709,away,ACTIVE,201959.0,67,nan,Bench,On Bench,1,nan,nan,0,0,0,3,2,0.666666666666666,1,2.0,3,0,2,2,1.0,36,18.9,35,-1,6,0,2,0,6,2,8,1,0,0,0.0,1,3,2,0.666666666666666,2022-01-24 21:35,Base Set,Common,2,Dunk,2021-03-25 23:30:00+00:00,New York Knicks,12000,10410.0,0.0,942.0,648.0,0.0,12.0,27,107.69,125.0,125.0,236.0,True,False,False,False,VISIBLE,38d995f9-86a3-4eb0-a009-39cefee9ed4a,208ae30a-a4fe-42d4-9e51-e6fd1ad2a7a9,https://nbatopshot.com/listings/p2p/208ae30a-a4fe-42d4-9e51-e6fd1ad2a7a9+38d995f9-86a3-4eb0-a009-39cefee9ed4a,Base Set,Common,2,Dunk,12000,27,107.69,NYK,1610612752,CLE,1610612739,4,04:35.00,84,87,2022-01-24 19:00:00-05:00,Q4 04:35,Base Set-Common-2-Dunk,Base Set-Common-2-Dunk,87-84,3,Q4 - 04:35.00,6.34056712962963,8.42332175925926,0.06684027777777776,14.830729166666668,0
Brandon Goodwin,CLE,NYK,0022100709,1629164,9,6,3,0.667,15.129074074074074,2.111111111111111,5.666666666666667,0.373,0.4444444444444444,1.6666666666666667,0.267,0.3333333333333333,1.1111111111111112,0.3,0.6666666666666666,1.6666666666666667,2.3333333333333335,3.2222222222222223,0.6666666666666666,1.0,0.0,0.7777777777777778,1.2222222222222223,1,5.0,-11,0,0,0022100709,home,ACTIVE,1629164.0,00,nan,Bench,On Bench,0,nan,nan,0,0,0,0,0,0.0,0,0.0,0,0,0,0,0.0,0,0.0,0,0,0,0,0,0,0,0,0,0,0,0,0.0,0,0,0,0.0,nan,nan,nan,nan,nan,nan,nan,nan,nan,nan,nan,nan,nan,nan,nan,nan,nan,nan,nan,nan,nan,nan,nan,nan,nan,nan,nan,nan,nan,nan,nan,nan,nan,nan,NYK,1610612752,CLE,1610612739,4,04:35.00,84,87,2022-01-24 19:00:00-05:00,Q4 04:35,nan,nan,84-87,-3,Q4 - 04:35.00,0.4774305555555555,0.2228009259259259,0.30767746913580246,1.0079089506172838,0
Cedi Osman,CLE,NYK,0022100709,1626224,35,23,12,0.657,22.605666666666668,3.7714285714285714,8.742857142857142,0.431,2.0,5.571428571428571,0.359,1.1714285714285715,1.8,0.651,0.42857142857142855,2.057142857142857,2.4857142857142858,1.6571428571428573,0.8571428571428571,0.9714285714285714,0.22857142857142856,0.37142857142857144,1.8571428571428572,1,10.714285714285714,35,0,0,0022100709,home,ACTIVE,1626224.0,16,nan,Bench,On Bench,1,nan,nan,2,0,1,5,0,0.0,0,0.0,0,0,0,0,0.0,19,10.733333333333333,18,-1,0,0,0,0,1,0,1,0,3,0,0.0,0,2,0,0.0,2022-01-24 21:37,Base Set,Common,2,Block,2021-01-13 00:30:00+00:00,Cleveland Cavaliers,40000,35778.0,0.0,3226.0,1050.0,1.0,12.0,4,0.0,0.0,33.33,1592.0,False,False,False,False,VISIBLE,4e6d9c30-d5dd-4c26-b282-dcc298badd2c,208ae30a-a4fe-42d4-9e51-e6fd1ad2a7a9,https://nbatopshot.com/listings/p2p/208ae30a-a4fe-42d4-9e51-e6fd1ad2a7a9+4e6d9c30-d5dd-4c26-b282-dcc298badd2c,Metallic Gold LE,Rare,1,Assist,299,205,0.0,NYK,1610612752,CLE,1610612739,4,04:35.00,84,87,2022-01-24 19:00:00-05:00,Q4 04:35,Base Set-Common-2-Block,Metallic Gold LE-Rare-1-Assist,84-87,-3,Q4 - 04:35.00,1.023065476190476,1.2373511904761905,2.158234126984127,4.4186507936507935,0
Darius Garland,CLE,NYK,0022100709,1629636,41,26,15,0.634,34.76390243902439,7.512195121951219,16.024390243902438,0.469,2.4878048780487805,6.829268292682927,0.364,2.317073170731707,2.5365853658536586,0.913,0.5609756097560976,2.7804878048780486,3.341463414634146,8.097560975609756,3.682926829268293,1.2439024390243902,0.0975609756097561,0.5853658536585366,1.7804878048780488,2,19.829268292682926,307,15,1,0022100709,home,ACTIVE,1629636.0,10,PG,Starter,In Game,1,nan,nan,12,0,0,17,5,0.29411764705882404,1,4.0,1,0,0,0,0.0,65,34.266666666666666,71,6,10,0,6,0,2,0,2,2,5,0,0.0,6,12,5,0.416666666666667,2022-01-24 22:01,Base Set,Common,3,Assist,2021-11-30 01:30:00+00:00,Cleveland Cavaliers,60000,11366.0,0.0,4294.0,44828.0,0.0,2.0,3,-25.0,0.0,0.0,381.0,nan,nan,nan,nan,VISIBLE,30f10dfd-439e-4731-b0b8-ada442ed2a1b,e7b9646c-9997-46c8-909f-2a2b67389023,https://nbatopshot.com/listings/p2p/e7b9646c-9997-46c8-909f-2a2b67389023+30f10dfd-439e-4731-b0b8-ada442ed2a1b,Metallic Gold LE,Rare,2,Assist,499,419,-7.91,NYK,1610612752,CLE,1610612739,4,04:35.00,84,87,2022-01-24 19:00:00-05:00,Q4 04:35,Base Set-Common-3-Assist,Metallic Gold LE-Rare-2-Assist,84-87,-3,Q4 - 04:35.00,11.893419715447154,2.319063346883469,12.77320460704607,26.985687669376695,0
Dean Wade,CLE,NYK,0022100709,1629731,32,17,15,0.531,18.42796875,1.71875,4.03125,0.426,0.8125,2.53125,0.321,0.34375,0.5625,0.611,0.75,2.40625,3.15625,1.09375,0.34375,0.46875,0.09375,0.0625,1.46875,0,4.59375,3,1,0,0022100709,home,ACTIVE,1629731.0,32,SF,Starter,In Game,1,nan,nan,0,0,0,6,3,0.5,1,1.0,2,0,2,1,0.5,60,30.450666666666667,60,0,10,0,0,0,5,0,5,3,6,3,0.5,1,0,0,0.0,2022-01-24 21:37,Base Set,Common,2,Dunk,2021-02-24 00:00:00+00:00,Cleveland Cavaliers,12000,11197.0,0.0,574.0,229.0,0.0,12.0,9,12.5,12.5,0.0,529.0,True,False,False,False,VISIBLE,c8248c27-b231-4ad0-b431-9908f6268ffa,208ae30a-a4fe-42d4-9e51-e6fd1ad2a7a9,https://nbatopshot.com/listings/p2p/208ae30a-a4fe-42d4-9e51-e6fd1ad2a7a9+c8248c27-b231-4ad0-b431-9908f6268ffa,Base Set,Common,2,Dunk,12000,9,12.5,NYK,1610612752,CLE,1610612739,4,04:35.00,84,87,2022-01-24 19:00:00-05:00,Q4 04:35,Base Set-Common-2-Dunk,Base Set-Common-2-Dunk,84-87,-3,Q4 - 04:35.00,10.438639322916666,5.301378038194445,0.10443793402777776,15.84445529513889,0
Dylan Windler,CLE,NYK,0022100709,1629685,31,19,12,0.613,10.505268817204302,1.032258064516129,2.3225806451612905,0.444,0.6774193548387096,1.6774193548387097,0.404,0.22580645161290322,0.25806451612903225,0.875,0.3870967741935484,1.4838709677419355,1.8709677419354838,0.8064516129032258,0.3548387096774194,0.25806451612903225,0.06451612903225806,0.12903225806451613,1.032258064516129,0,2.967741935483871,4,0,0,0022100709,home,ACTIVE,1629685.0,9,nan,Bench,On Bench,1,nan,nan,0,0,0,2,1,0.5,1,1.0,4,0,1,0,0.0,25,9.233333333333333,17,-8,2,0,2,0,2,0,2,0,1,0,0.0,2,1,1,1.0,2022-01-24 21:37,Base Set,Common,2,3 Pointer,2020-12-24 00:00:00+00:00,Cleveland Cavaliers,4000,3720.0,0.0,208.0,72.0,0.0,12.0,80,0.0,3.9,9.59,146.0,True,True,True,True,VISIBLE,ec488c41-8f47-41b3-976e-211080277c8d,208ae30a-a4fe-42d4-9e51-e6fd1ad2a7a9,https://nbatopshot.com/listings/p2p/208ae30a-a4fe-42d4-9e51-e6fd1ad2a7a9+ec488c41-8f47-41b3-976e-211080277c8d,Base Set,Common,2,3 Pointer,4000,80,0.0,NYK,1610612752,CLE,1610612739,4,04:35.00,84,87,2022-01-24 19:00:00-05:00,Q4 04:35,Base Set-Common-2-3 Pointer,Base Set-Common-2-3 Pointer,84-87,-3,Q4 - 04:35.00,2.283378136200717,2.178651433691756,0.07700492831541218,4.539034498207886,0
Ed Davis,CLE,NYK,0022100709,202334,13,7,6,0.538,8.722948717948718,0.6923076923076923,0.9230769230769231,0.75,0.0,0.0,0.0,0.07692307692307693,0.46153846153846156,0.167,0.38461538461538464,2.4615384615384617,2.8461538461538463,0.07692307692307693,0.23076923076923078,0.23076923076923078,0.5384615384615384,0.07692307692307693,1.3076923076923077,0,1.4615384615384615,-22,0,0,0022100709,home,ACTIVE,202334.0,21,C,Starter,On Bench,1,nan,nan,2,0,0,2,0,0.0,0,1.0,5,0,2,2,1.0,30,17.466,42,12,2,0,0,2,4,2,6,0,0,0,0.0,0,2,0,0.0,nan,nan,nan,nan,nan,nan,nan,nan,nan,nan,nan,nan,nan,nan,nan,nan,nan,nan,nan,nan,nan,nan,nan,nan,nan,nan,nan,nan,nan,nan,nan,nan,nan,nan,NYK,1610612752,CLE,1610612739,4,04:35.00,84,87,2022-01-24 19:00:00-05:00,Q4 04:35,nan,nan,84-87,-3,Q4 - 04:35.00,2.139556623931624,6.271768162393163,2.0073450854700856,10.418669871794872,0
Evan Mobley,CLE,NYK,0022100709,1630596,39,25,14,0.641,34.29457264957265,6.17948717948718,12.102564102564102,0.511,0.4358974358974359,1.4102564102564104,0.309,2.2051282051282053,3.2051282051282053,0.688,1.7435897435897436,6.333333333333333,8.076923076923077,2.58974358974359,1.8974358974358974,0.7692307692307693,1.6923076923076923,0.7692307692307693,2.051282051282051,2,15.0,140,9,0,0022100709,home,ACTIVE,1630596.0,4,PF,Starter,In Game,1,nan,nan,3,0,0,10,6,0.6,0,1.0,0,0,1,1,1.0,70,33.86666666666667,61,-9,13,4,10,3,5,2,7,0,1,0,0.0,4,9,6,0.666666666666666,2022-01-24 22:01,Metallic Silver FE,Fandom,3,Block,2021-11-14 01:00:00+00:00,Cleveland Cavaliers,4488,4337.0,0.0,151.0,0.0,0.0,15.0,270,-6.57,0.0,-15.36,152.0,nan,nan,nan,nan,CHALLENGE_REWARD_RELEASED,b8b1be55-ed2d-43a0-8d78-fda6765254d5,e769f4b4-b469-45be-b777-0f9e24d548e2,https://nbatopshot.com/listings/p2p/e769f4b4-b469-45be-b777-0f9e24d548e2+b8b1be55-ed2d-43a0-8d78-fda6765254d5,Metallic Silver FE,Fandom,3,Block,4488,270,-6.57,NYK,1610612752,CLE,1610612739,4,04:35.00,84,87,2022-01-24 19:00:00-05:00,Q4 04:35,Metallic Silver FE-Fandom-3-Block,Metallic Silver FE-Fandom-3-Block,84-87,-3,Q4 - 04:35.00,14.432291666666666,7.7712339743589745,3.247284544159544,25.450810185185187,0
Isaac Okoro,CLE,NYK,0022100709,1630171,32,18,14,0.563,28.26875,3.21875,7.09375,0.454,0.8125,2.78125,0.292,1.75,2.375,0.737,1.0625,2.21875,3.28125,1.75,1.1875,0.84375,0.28125,0.46875,2.5625,1,9.0,77,0,0,0022100709,home,ACTIVE,1630171.0,35,SG,Starter,In Game,1,nan,nan,2,1,0,12,6,0.5,0,2.0,1,0,3,2,0.666666666666666,49,28.133333333333333,68,19,14,11,12,1,3,3,6,0,3,0,0.0,0,9,6,0.666666666666666,2022-01-24 22:02,Base Set,Common,3,Dunk,2021-11-30 01:30:00+00:00,Cleveland Cavaliers,60000,27670.0,0.0,10995.0,23228.0,0.0,2.0,3,0.0,50.0,50.0,1926.0,nan,nan,nan,nan,VISIBLE,888dfee3-f4ec-4d10-ae7f-7846000c0630,e7b9646c-9997-46c8-909f-2a2b67389023,https://nbatopshot.com/listings/p2p/e7b9646c-9997-46c8-909f-2a2b67389023+888dfee3-f4ec-4d10-ae7f-7846000c0630,Summer of '21,Fandom,S21,Dunk,27112,6,0.0,NYK,1610612752,CLE,1610612739,4,04:35.00,84,87,2022-01-24 19:00:00-05:00,Q4 04:35,Base Set-Common-3-Dunk,Summer of '21-Fandom-S21-Dunk,84-87,-3,Q4 - 04:35.00,14.859375,6.313313802083333,2.1671006944444446,23.33978949652778,0
Kevin Love,CLE,NYK,0022100709,201567,39,22,17,0.564,21.352222222222224,4.256410256410256,9.846153846153847,0.432,2.3846153846153846,6.0,0.397,2.8974358974358974,3.3333333333333335,0.869,1.0769230769230769,6.0256410256410255,7.102564102564102,2.128205128205128,1.205128205128205,0.28205128205128205,0.20512820512820512,0.20512820512820512,0.9230769230769231,2,13.794871794871796,99,6,0,0022100709,home,ACTIVE,201567.0,0,nan,Bench,In Game,1,nan,nan,3,0,0,12,6,0.5,0,3.0,2,0,2,2,1.0,43,23.95,50,7,20,0,0,0,11,0,11,1,12,6,0.5,3,0,0,0.0,2022-01-24 21:35,Base Set,Common,2,Assist,2021-04-21 23:00:00+00:00,Cleveland Cavaliers,40000,35146.0,0.0,3307.0,1576.0,0.0,12.0,15,150.0,200.0,200.0,584.0,False,False,False,False,VISIBLE,2e104e40-73e5-44b6-bb7b-b0838c7272c3,208ae30a-a4fe-42d4-9e51-e6fd1ad2a7a9,https://nbatopshot.com/listings/p2p/208ae30a-a4fe-42d4-9e51-e6fd1ad2a7a9+2e104e40-73e5-44b6-bb7b-b0838c7272c3,Lace 'Em Up,Legendary,1,Assist,75,2700,0.0,NYK,1610612752,CLE,1610612739,4,04:35.00,84,87,2022-01-24 19:00:00-05:00,Q4 04:35,Base Set-Common-2-Assist,Lace 'Em Up-Legendary-1-Assist,84-87,-3,Q4 - 04:35.00,21.31721866096866,11.678196225071225,3.2032140313390314,36.19862891737891,0
Kevin Pangos,CLE,NYK,0022100709,1630698,20,13,7,0.65,8.030666666666667,0.75,2.25,0.333,0.3,1.3,0.231,0.15,0.2,0.75,0.1,0.45,0.55,1.5,0.35,0.15,0.0,0.05,0.5,0,1.95,-33,0,0,0022100709,home,ACTIVE,1630698.0,6,nan,Bench,On Bench,0,nan,nan,0,0,0,0,0,0.0,0,0.0,0,0,0,0,0.0,0,0.0,0,0,0,0,0,0,0,0,0,0,0,0,0.0,0,0,0,0.0,nan,nan,nan,nan,nan,nan,nan,nan,nan,nan,nan,nan,nan,nan,nan,nan,nan,nan,nan,nan,nan,nan,nan,nan,nan,nan,nan,nan,nan,nan,nan,nan,nan,nan,NYK,1610612752,CLE,1610612739,4,04:35.00,84,87,2022-01-24 19:00:00-05:00,Q4 04:35,nan,nan,84-87,-3,Q4 - 04:35.00,0.18619791666666666,0.05251736111111111,0.14322916666666666,0.3819444444444444,0
Lamar Stevens,CLE,NYK,0022100709,1630205,31,21,10,0.677,15.165215053763442,2.193548387096774,4.67741935483871,0.469,0.41935483870967744,1.2903225806451613,0.325,0.45161290322580644,0.7096774193548387,0.636,0.7096774193548387,1.6451612903225807,2.3548387096774195,0.6774193548387096,0.5483870967741935,0.3870967741935484,0.22580645161290322,0.3225806451612903,1.4838709677419355,0,5.258064516129032,-25,0,0,0022100709,home,ACTIVE,1630205.0,8,nan,Bench,On Bench,1,nan,nan,0,0,0,4,3,0.75,0,3.0,1,0,3,2,0.666666666666666,35,15.283333333333333,19,-16,8,2,4,2,0,2,2,0,0,0,0.0,1,4,3,0.75,2022-01-24 22:03,Base Set,Common,3,Dunk,2021-11-11 00:00:00+00:00,Cleveland Cavaliers,60000,31416.0,0.0,14532.0,16122.0,0.0,2.0,3,0.0,0.0,50.0,2500.0,nan,nan,nan,nan,VISIBLE,4aecbacc-6e41-49af-b3f1-4f6ce7ce225a,e7b9646c-9997-46c8-909f-2a2b67389023,https://nbatopshot.com/listings/p2p/e7b9646c-9997-46c8-909f-2a2b67389023+4aecbacc-6e41-49af-b3f1-4f6ce7ce225a,Base Set,Common,2,Dunk,12000,15,7.14,NYK,1610612752,CLE,1610612739,4,04:35.00,84,87,2022-01-24 19:00:00-05:00,Q4 04:35,Base Set-Common-3-Dunk,Base Set-Common-2-Dunk,84-87,-3,Q4 - 04:35.00,8.502072132616487,2.2248543906810037,0.06468413978494623,10.791610663082436,0
Rajon Rondo,CLE,NYK,0022100709,200765,3,2,1,0.667,21.722222222222225,3.3333333333333335,8.0,0.417,2.0,4.666666666666667,0.429,1.6666666666666667,2.0,0.833,0.3333333333333333,3.6666666666666665,4.0,4.666666666666667,2.3333333333333335,1.0,0.0,0.0,2.0,1,10.333333333333334,5,0,0,0022100709,home,ACTIVE,200765.0,1,nan,Bench,On Bench,1,nan,nan,3,0,0,3,3,1.0,0,0.0,1,0,0,0,0.0,24,13.7,29,5,8,0,0,0,4,0,4,1,2,2,1.0,2,1,1,1.0,2022-01-24 21:32,Archive Set,Common,S21,Layup,2014-01-25 00:30:00+00:00,Boston Celtics,20000,17628.0,0.0,2372.0,165.0,0.0,2.0,15,114.29,114.29,114.29,293.0,nan,nan,nan,nan,VISIBLE,1de5e434-2e3d-402c-835a-fe35769b4d3b,9e89b552-0236-4ffc-ab6b-8cf7c27d46b4,https://nbatopshot.com/listings/p2p/9e89b552-0236-4ffc-ab6b-8cf7c27d46b4+1de5e434-2e3d-402c-835a-fe35769b4d3b,Western Conference Finals,Rare,1,Assist,999,350,0.0,NYK,1610612752,CLE,1610612739,4,04:35.00,84,87,2022-01-24 19:00:00-05:00,Q4 04:35,Archive Set-Common-S21-Layup,Western Conference Finals-Rare-1-Assist,84-87,-3,Q4 - 04:35.00,8.986689814814815,4.381944444444445,3.4456018518518516,16.81423611111111,0
Alfonzo McKinnie,CHI,OKC,0022100730,1628035,13,6,7,0.462,14.557435897435898,1.7692307692307692,4.384615384615385,0.404,0.6923076923076923,2.0,0.346,0.07692307692307693,0.46153846153846156,0.167,1.0,1.0,2.0,0.38461538461538464,0.46153846153846156,0.15384615384615385,0.23076923076923078,0.3076923076923077,1.6153846153846154,0,4.3076923076923075,-67,0,0,0022100730,away,ACTIVE,1628035.0,28,nan,Bench,On Bench,1,nan,nan,0,0,0,1,1,1.0,1,0.0,4,0,0,0,0.0,14,7.75,25,11,2,2,2,0,4,0,4,0,0,0,0.0,1,1,1,1.0,nan,nan,nan,nan,nan,nan,nan,nan,nan,nan,nan,nan,nan,nan,nan,nan,nan,nan,nan,nan,nan,nan,nan,nan,nan,nan,nan,nan,nan,nan,nan,nan,nan,nan,CHI,1610612741,OKC,1610612760,2,00:54.50,58,48,2022-01-24 20:00:00-05:00,Q2 00:54,nan,nan,48-58,-10,Q2 - 00:54.50,4.235363247863248,5.037847222222222,0.1995860042735043,9.472796474358974,0
Ayo Dosunmu,CHI,OKC,0022100730,1630245,41,25,16,0.61,22.17292682926829,2.8536585365853657,5.341463414634147,0.534,0.8048780487804879,1.853658536585366,0.434,0.6341463414634146,1.048780487804878,0.605,0.3902439024390244,2.097560975609756,2.4878048780487805,1.7804878048780488,1.0975609756097562,0.5365853658536586,0.3902439024390244,0.4146341463414634,1.8780487804878048,0,7.146341463414634,-78,2,0,0022100730,away,ACTIVE,1630245.0,12,SG,Starter,In Game,1,nan,nan,3,1,0,7,7,1.0,0,0.0,2,0,0,0,0.0,41,18.882833333333334,49,8,16,2,2,2,2,0,2,0,2,2,1.0,1,5,5,1.0,2022-01-24 22:03,Base Set,Common,3,Layup,2021-10-20 23:00:00+00:00,Chicago Bulls,4000,2163.0,0.0,150.0,1687.0,0.0,2.0,239,0.0,2.14,-17.59,117.0,True,True,True,True,VISIBLE,a73bae1b-dfa4-4344-a148-2b4343e4aea0,e7b9646c-9997-46c8-909f-2a2b67389023,https://nbatopshot.com/listings/p2p/e7b9646c-9997-46c8-909f-2a2b67389023+a73bae1b-dfa4-4344-a148-2b4343e4aea0,Base Set,Common,3,Layup,4000,239,0.0,CHI,1610612741,OKC,1610612760,2,00:54.50,58,48,2022-01-24 20:00:00-05:00,Q2 00:54,Base Set-Common-3-Layup,Base Set-Common-3-Layup,48-58,-10,Q2 - 00:54.50,19.708405318428184,3.2909806910569106,3.9239371612466125,26.923323170731706,0
Coby White,CHI,OKC,0022100730,1629632,27,16,11,0.593,27.05611111111111,4.666666666666667,10.444444444444445,0.447,1.962962962962963,5.444444444444445,0.361,1.5185185185185186,1.8888888888888888,0.804,0.2222222222222222,2.5555555555555554,2.7777777777777777,2.4444444444444446,1.2592592592592593,0.5925925925925926,0.25925925925925924,0.5555555555555556,2.259259259259259,1,12.814814814814815,-42,1,0,0022100730,away,ACTIVE,1629632.0,0,nan,Bench,In Game,1,nan,nan,5,1,1,5,1,0.2,0,2.0,1,0,2,2,1.0,27,15.466166666666666,39,12,4,2,0,0,2,1,3,0,1,0,0.0,1,4,1,0.25,2022-01-24 22:01,Base Set,Common,3,Dunk,2021-12-20 01:00:00+00:00,Chicago Bulls,60000,19363.0,0.0,5187.0,36590.0,0.0,2.0,3,0.0,0.0,0.0,1098.0,nan,nan,nan,nan,VISIBLE,2e17bdf3-0b3f-4235-912e-79f236045060,e7b9646c-9997-46c8-909f-2a2b67389023,https://nbatopshot.com/listings/p2p/e7b9646c-9997-46c8-909f-2a2b67389023+2e17bdf3-0b3f-4235-912e-79f236045060,Metallic Gold LE,Rare,2,Layup,499,160,0.0,CHI,1610612741,OKC,1610612760,2,00:54.50,58,48,2022-01-24 20:00:00-05:00,Q2 00:54,Base Set-Common-3-Dunk,Metallic Gold LE-Rare-2-Layup,48-58,-10,Q2 - 00:54.50,10.64990997942387,4.4414544753086425,6.268479938271605,21.359844393004117,0
Javonte Green,CHI,OKC,0022100730,1629750,29,21,8,0.724,22.19683908045977,2.1379310344827585,4.310344827586207,0.496,0.41379310344827586,1.1379310344827587,0.364,1.103448275862069,1.3793103448275863,0.8,1.5172413793103448,2.7241379310344827,4.241379310344827,0.9655172413793104,0.5862068965517241,0.8275862068965517,0.41379310344827586,0.27586206896551724,2.1379310344827585,1,5.793103448275862,97,0,0,0022100730,away,ACTIVE,1629750.0,24,PF,Starter,In Game,1,nan,nan,0,1,0,2,1,0.5,0,0.0,0,0,0,0,0.0,22,10.9995,27,5,2,0,2,0,0,0,0,2,0,0,0.0,0,2,1,0.5,2022-01-24 21:39,Base Set,Common,3,Dunk,2021-10-23 00:00:00+00:00,Chicago Bulls,60000,35157.0,0.0,12902.0,13441.0,0.0,2.0,3,0.0,0.0,0.0,2626.0,nan,nan,nan,nan,VISIBLE,d2154aba-a796-4696-bc20-3da8eb2aa036,e7b9646c-9997-46c8-909f-2a2b67389023,https://nbatopshot.com/listings/p2p/e7b9646c-9997-46c8-909f-2a2b67389023+d2154aba-a796-4696-bc20-3da8eb2aa036,Base Set,Common,2,Dunk,12000,12,0.0,CHI,1610612741,OKC,1610612760,2,00:54.50,58,48,2022-01-24 20:00:00-05:00,Q2 00:54,Base Set-Common-3-Dunk,Base Set-Common-2-Dunk,48-58,-10,Q2 - 00:54.50,5.006178160919541,2.200951867816092,0.5010296934865901,7.708159722222224,0
Malcolm Hill,CHI,OKC,0022100730,1630792,5,1,4,0.2,11.885,1.2,2.8,0.429,0.6,1.8,0.333,0.8,1.2,0.667,0.8,1.0,1.8,0.4,0.2,0.0,0.0,0.2,1.6,1,3.8,-19,0,0,0022100730,away,ACTIVE,1630792.0,14,nan,Bench,On Bench,1,nan,nan,1,0,0,2,1,0.5,0,0.0,0,0,0,0,0.0,11,6.433333333333334,13,2,2,2,2,0,0,0,0,1,1,0,0.0,0,1,1,1.0,nan,nan,nan,nan,nan,nan,nan,nan,nan,nan,nan,nan,nan,nan,nan,nan,nan,nan,nan,nan,nan,nan,nan,nan,nan,nan,nan,nan,nan,nan,nan,nan,nan,nan,CHI,1610612741,OKC,1610612760,2,00:54.50,58,48,2022-01-24 20:00:00-05:00,Q2 00:54,nan,nan,48-58,-10,Q2 - 00:54.50,3.971909722222222,0.9340625,1.2075694444444445,6.113541666666666,0
Marko Simonovic,CHI,OKC,0022100730,1630250,9,4,5,0.444,3.9094444444444445,0.4444444444444444,1.6666666666666667,0.267,0.1111111111111111,0.5555555555555556,0.2,0.8888888888888888,1.2222222222222223,0.727,0.5555555555555556,0.5555555555555556,1.1111111111111112,0.0,0.2222222222222222,0.1111111111111111,0.1111111111111111,0.3333333333333333,0.6666666666666666,0,1.8888888888888888,3,0,0,0022100730,away,ACTIVE,1630250.0,19,nan,Bench,On Bench,0,nan,nan,0,0,0,0,0,0.0,0,0.0,0,0,0,0,0.0,0,0.0,0,0,0,0,0,0,0,0,0,0,0,0,0.0,0,0,0,0.0,nan,nan,nan,nan,nan,nan,nan,nan,nan,nan,nan,nan,nan,nan,nan,nan,nan,nan,nan,nan,nan,nan,nan,nan,nan,nan,nan,nan,nan,nan,nan,nan,nan,nan,CHI,1610612741,OKC,1610612760,2,00:54.50,58,48,2022-01-24 20:00:00-05:00,Q2 00:54,nan,nan,48-58,-10,Q2 - 00:54.50,0.9801890432098767,0.5765817901234569,0.0,1.5567708333333337,0
Matt Thomas,CHI,OKC,0022100730,1629744,22,13,9,0.591,12.485151515151516,1.6363636363636365,3.727272727272727,0.439,1.0909090909090908,2.4545454545454546,0.444,0.4090909090909091,0.5454545454545454,0.75,0.09090909090909091,1.0909090909090908,1.1818181818181819,0.5909090909090909,0.2727272727272727,0.2727272727272727,0.045454545454545456,0.13636363636363635,0.45454545454545453,0,4.7727272727272725,10,0,0,0022100730,away,ACTIVE,1629744.0,21,nan,Bench,On Bench,1,nan,nan,0,0,0,4,1,0.25,0,1.0,0,0,1,0,0.0,7,4.966666666666667,12,5,3,0,0,0,1,0,1,0,3,1,0.333333333333333,0,1,0,0.0,nan,nan,nan,nan,nan,nan,nan,nan,nan,nan,nan,nan,nan,nan,nan,nan,nan,nan,nan,nan,nan,nan,nan,nan,nan,nan,nan,nan,nan,nan,nan,nan,nan,nan,CHI,1610612741,OKC,1610612760,2,00:54.50,58,48,2022-01-24 20:00:00-05:00,Q2 00:54,nan,nan,48-58,-10,Q2 - 00:54.50,5.476680871212121,1.6132733585858587,0.30663667929292937,7.39659090909091,0
Nikola Vucevic,CHI,OKC,0022100730,202696,38,24,14,0.632,33.07622807017544,6.7894736842105265,15.763157894736842,0.431,1.631578947368421,5.052631578947368,0.323,1.0789473684210527,1.4736842105263157,0.732,1.9473684210526316,9.236842105263158,11.18421052631579,3.473684210526316,1.631578947368421,1.0263157894736843,1.1578947368421053,0.6052631578947368,2.3157894736842106,1,16.289473684210527,53,23,0,0022100730,away,ACTIVE,202696.0,9,C,Starter,In Game,1,nan,nan,2,0,0,5,3,0.6,1,0.0,1,0,0,0,0.0,37,16.5995,45,8,7,0,4,7,2,3,5,1,1,1,1.0,2,4,2,0.5,2022-01-24 22:01,Base Set,Common,3,Block,2021-12-21 01:00:00+00:00,Chicago Bulls,60000,11293.0,0.0,4367.0,44921.0,0.0,2.0,3,0.0,0.0,0.0,522.0,nan,nan,nan,nan,VISIBLE,4203f199-964f-43c3-92ef-a9cb52d9969e,e7b9646c-9997-46c8-909f-2a2b67389023,https://nbatopshot.com/listings/p2p/e7b9646c-9997-46c8-909f-2a2b67389023+4203f199-964f-43c3-92ef-a9cb52d9969e,2021 All-Star Game,Rare,2,3 Pointer,2021,135,-2.17,CHI,1610612741,OKC,1610612760,2,00:54.50,58,48,2022-01-24 20:00:00-05:00,Q2 00:54,Base Set-Common-3-Block,2021 All-Star Game-Rare-2-3 Pointer,48-58,-10,Q2 - 00:54.50,15.452992507309943,10.80375091374269,3.8025767543859654,30.0593201754386,0
Tony Bradley,CHI,OKC,0022100730,1628396,32,17,15,0.531,12.3575,1.625,2.875,0.565,0.0,0.0,0.0,0.40625,0.53125,0.765,1.375,2.8125,4.1875,0.59375,0.6875,0.21875,0.71875,0.40625,1.375,0,3.65625,71,0,0,0022100730,away,ACTIVE,1628396.0,13,nan,Bench,On Bench,0,nan,nan,0,0,0,0,0,0.0,0,0.0,0,0,0,0,0.0,0,0.0,0,0,0,0,0,0,0,0,0,0,0,0,0.0,0,0,0,0.0,nan,nan,nan,nan,nan,nan,nan,nan,nan,nan,nan,nan,nan,nan,nan,nan,nan,nan,nan,nan,nan,nan,nan,nan,nan,nan,nan,nan,nan,nan,nan,nan,nan,nan,CHI,1610612741,OKC,1610612760,2,00:54.50,58,48,2022-01-24 20:00:00-05:00,Q2 00:54,nan,nan,48-58,-10,Q2 - 00:54.50,1.8973144531250001,2.172992621527778,0.30811089409722225,4.37841796875,0
Troy Brown Jr.,CHI,OKC,0022100730,1628972,34,22,12,0.647,16.131617647058825,1.6470588235294117,4.029411764705882,0.409,0.5882352941176471,1.8823529411764706,0.313,0.5,0.6470588235294118,0.773,0.6470588235294118,2.411764705882353,3.0588235294117645,1.2352941176470589,0.47058823529411764,0.5882352941176471,0.08823529411764706,0.4117647058823529,0.9705882352941176,0,4.382352941176471,-68,0,0,0022100730,away,ACTIVE,1628972.0,7,PG,Starter,On Bench,1,nan,nan,0,1,1,6,2,0.333333333333333,0,0.0,1,0,0,0,0.0,36,14.316666666666666,32,-4,5,2,2,0,1,0,1,0,2,1,0.5,1,4,1,0.25,2022-01-24 21:40,Base Set,Common,2,Block,2021-01-10 00:00:00+00:00,Washington Wizards,15000,14098.0,0.0,902.0,2.0,0.0,12.0,10,11.11,25.0,0.0,1229.0,False,False,False,False,VISIBLE,664c3a1c-13f2-4921-af13-b6b8400a3cae,208ae30a-a4fe-42d4-9e51-e6fd1ad2a7a9,https://nbatopshot.com/listings/p2p/208ae30a-a4fe-42d4-9e51-e6fd1ad2a7a9+664c3a1c-13f2-4921-af13-b6b8400a3cae,Base Set,Common,1,Jump Shot,1500,38,2.7,CHI,1610612741,OKC,1610612760,2,00:54.50,58,48,2022-01-24 20:00:00-05:00,Q2 00:54,Base Set-Common-2-Block,Base Set-Common-1-Jump Shot,48-58,-10,Q2 - 00:54.50,7.274106413398693,2.587295751633987,0.6410232843137256,10.502425449346404,0
Tyler Cook,CHI,OKC,0022100730,1629076,11,7,4,0.636,13.30121212121212,1.4545454545454546,2.3636363636363638,0.615,0.0,0.0,0.0,1.2727272727272727,1.7272727272727273,0.737,0.9090909090909091,2.4545454545454546,3.3636363636363638,0.2727272727272727,0.5454545454545454,0.36363636363636365,0.2727272727272727,0.45454545454545453,2.0,2,4.181818181818182,-14,0,0,0022100730,away,ACTIVE,1629076.0,25,nan,Bench,On Bench,1,nan,nan,0,0,0,2,2,1.0,0,1.0,0,0,2,1,0.5,11,6.866666666666667,13,2,5,0,4,2,3,2,5,0,0,0,0.0,0,2,2,1.0,nan,nan,nan,nan,nan,nan,nan,nan,nan,nan,nan,nan,nan,nan,nan,nan,nan,nan,nan,nan,nan,nan,nan,nan,nan,nan,nan,nan,nan,nan,nan,nan,nan,nan,CHI,1610612741,OKC,1610612760,2,00:54.50,58,48,2022-01-24 20:00:00-05:00,Q2 00:54,nan,nan,48-58,-10,Q2 - 00:54.50,7.170044191919192,6.7454703282828286,0.1415246212121212,14.05703914141414,0
Zach LaVine,CHI,OKC,0022100730,203897,38,25,13,0.658,33.989868421052634,9.026315789473685,18.36842105263158,0.491,2.9473684210526314,7.157894736842105,0.412,3.9473684210526314,4.526315789473684,0.872,0.3157894736842105,4.447368421052632,4.7631578947368425,4.157894736842105,2.8421052631578947,0.6052631578947368,0.34210526315789475,0.9210526315789473,1.605263157894737,3,24.94736842105263,58,0,0,0022100730,away,ACTIVE,203897.0,8,SF,Starter,In Game,1,nan,nan,4,0,1,10,4,0.4,0,3.0,0,0,4,3,0.75,34,15.0495,35,1,12,2,6,0,2,0,2,2,4,1,0.25,3,6,3,0.5,2022-01-24 21:39,Base Set,Common,2,Dunk,2021-01-10 21:00:00+00:00,Chicago Bulls,35000,31835.0,0.0,2575.0,593.0,0.0,12.0,8,0.0,14.29,14.29,2141.0,False,False,False,False,VISIBLE,bb572981-726f-4ffe-b547-830a83d48268,208ae30a-a4fe-42d4-9e51-e6fd1ad2a7a9,https://nbatopshot.com/listings/p2p/208ae30a-a4fe-42d4-9e51-e6fd1ad2a7a9+bb572981-726f-4ffe-b547-830a83d48268,2021 All-Star Game,Rare,2,Layup,2021,180,3.45,CHI,1610612741,OKC,1610612760,2,00:54.50,58,48,2022-01-24 20:00:00-05:00,Q2 00:54,Base Set-Common-2-Dunk,2021 All-Star Game-Rare-2-Layup,48-58,-10,Q2 - 00:54.50,24.94577850877193,4.47171509502924,6.157629751461989,35.57512335526316,0
Aaron Wiggins,OKC,CHI,0022100730,1630598,28,6,22,0.214,21.825,2.7857142857142856,5.678571428571429,0.491,0.7857142857142857,2.5,0.314,1.1071428571428572,1.6071428571428572,0.689,0.8571428571428571,2.5714285714285716,3.4285714285714284,1.0714285714285714,0.9285714285714286,0.8214285714285714,0.21428571428571427,0.2857142857142857,1.9642857142857142,1,7.464285714285714,-43,0,0,0022100730,home,ACTIVE,1630598.0,21,PF,Starter,On Bench,1,nan,nan,0,0,0,1,1,1.0,0,2.0,1,0,0,0,0.0,34,11.8675,35,1,3,0,0,3,1,0,1,0,1,1,1.0,0,0,0,0.0,nan,nan,nan,nan,nan,nan,nan,nan,nan,nan,nan,nan,nan,nan,nan,nan,nan,nan,nan,nan,nan,nan,nan,nan,nan,nan,nan,nan,nan,nan,nan,nan,nan,nan,CHI,1610612741,OKC,1610612760,2,00:54.50,58,48,2022-01-24 20:00:00-05:00,Q2 00:54,nan,nan,58-48,10,Q2 - 00:54.50,6.8733940972222225,2.779166666666667,0.5559895833333334,10.208550347222223,0
Darius Bazley,OKC,CHI,0022100730,1629647,41,12,29,0.293,25.854756097560976,3.292682926829268,8.439024390243903,0.39,0.9024390243902439,3.4878048780487805,0.259,1.3902439024390243,2.024390243902439,0.687,1.0731707317073171,5.170731707317073,6.2439024390243905,1.146341463414634,1.3414634146341464,0.7317073170731707,1.1951219512195121,1.170731707317073,1.024390243902439,1,8.878048780487806,-296,2,0,0022100730,home,ACTIVE,1629647.0,7,nan,Bench,On Bench,1,nan,nan,0,0,1,2,1,0.5,0,1.0,0,0,0,0,0.0,15,9.65,13,-2,2,2,2,0,2,0,2,0,0,0,0.0,1,2,1,0.5,2022-01-24 21:40,Base Set,Common,2,Dunk,2021-01-05 00:30:00+00:00,Oklahoma City Thunder,15000,14307.0,0.0,693.0,1.0,0.0,12.0,20,81.82,81.82,42.86,1078.0,False,False,False,False,VISIBLE,88284d35-333f-4c6e-9687-2e5f605542c9,208ae30a-a4fe-42d4-9e51-e6fd1ad2a7a9,https://nbatopshot.com/listings/p2p/208ae30a-a4fe-42d4-9e51-e6fd1ad2a7a9+88284d35-333f-4c6e-9687-2e5f605542c9,Throwdowns,Rare,2,Dunk,1800,73,0.0,CHI,1610612741,OKC,1610612760,2,00:54.50,58,48,2022-01-24 20:00:00-05:00,Q2 00:54,Base Set-Common-2-Dunk,Throwdowns-Rare-2-Dunk,58-48,10,Q2 - 00:54.50,6.607029132791328,5.2401084010840115,0.5948636517615176,12.442001185636858,0
Isaiah Roby,OKC,CHI,0022100730,1629676,18,3,15,0.167,13.669907407407408,2.611111111111111,4.666666666666667,0.56,0.6111111111111112,1.2222222222222223,0.5,0.8888888888888888,1.1666666666666667,0.762,1.1111111111111112,2.1666666666666665,3.2777777777777777,0.7222222222222222,0.8333333333333334,0.2222222222222222,0.3333333333333333,0.3333333333333333,1.4444444444444444,1,6.722222222222222,-21,0,0,0022100730,home,ACTIVE,1629676.0,22,nan,Bench,On Bench,0,nan,nan,0,0,0,0,0,0.0,0,0.0,0,0,0,0,0.0,0,0.0,0,0,0,0,0,0,0,0,0,0,0,0,0.0,0,0,0,0.0,2022-01-24 21:40,Base Set,Common,3,Dunk,2021-10-21 01:00:00+00:00,Oklahoma City Thunder,60000,33931.0,0.0,14126.0,13600.0,0.0,2.0,3,0.0,0.0,0.0,2113.0,nan,nan,nan,nan,VISIBLE,4d871859-cc63-46a8-ba51-80e14abce331,e7b9646c-9997-46c8-909f-2a2b67389023,https://nbatopshot.com/listings/p2p/e7b9646c-9997-46c8-909f-2a2b67389023+4d871859-cc63-46a8-ba51-80e14abce331,Base Set,Common,2,Dunk,12000,9,0.0,CHI,1610612741,OKC,1610612760,2,00:54.50,58,48,2022-01-24 20:00:00-05:00,Q2 00:54,Base Set-Common-3-Dunk,Base Set-Common-2-Dunk,58-48,10,Q2 - 00:54.50,3.488319830246914,1.7009162808641975,0.3747781635802469,5.564014274691359,0
Jeremiah Robinson-Earl,OKC,CHI,0022100730,1630526,42,13,29,0.31,23.104365079365078,2.619047619047619,6.571428571428571,0.399,1.0952380952380953,3.357142857142857,0.326,0.6904761904761905,0.9761904761904762,0.707,1.6428571428571428,4.190476190476191,5.833333333333333,0.9761904761904762,0.7857142857142857,0.5714285714285714,0.30952380952380953,0.5238095238095238,1.619047619047619,0,7.023809523809524,-227,3,0,0022100730,home,ACTIVE,1630526.0,50,C,Starter,On Bench,1,nan,nan,1,1,0,5,2,0.4,1,0.0,1,0,0,0,0.0,33,11.516666666666667,24,-9,6,0,0,0,3,0,3,1,4,2,0.5,2,1,0,0.0,2022-01-24 22:03,Base Set,Common,3,Layup,2021-10-21 01:00:00+00:00,Oklahoma City Thunder,4000,2094.0,0.0,156.0,1750.0,0.0,2.0,81,1.25,9.46,-5.81,119.0,True,True,True,True,VISIBLE,dd8b9a5c-d4f5-47eb-a82c-758637d61078,e7b9646c-9997-46c8-909f-2a2b67389023,https://nbatopshot.com/listings/p2p/e7b9646c-9997-46c8-909f-2a2b67389023+dd8b9a5c-d4f5-47eb-a82c-758637d61078,Base Set,Common,3,Layup,4000,81,1.25,CHI,1610612741,OKC,1610612760,2,00:54.50,58,48,2022-01-24 20:00:00-05:00,Q2 00:54,Base Set-Common-3-Layup,Base Set-Common-3-Layup,58-48,10,Q2 - 00:54.50,9.644820601851851,6.027054398148149,1.506568287037037,17.178443287037037,0
Josh Giddey,OKC,CHI,0022100730,1630581,41,13,28,0.317,30.796056910569106,4.804878048780488,11.853658536585366,0.405,1.0975609756097562,4.0,0.274,0.8292682926829268,1.2439024390243902,0.667,1.6829268292682926,5.7317073170731705,7.414634146341464,6.170731707317073,2.926829268292683,1.0,0.43902439024390244,0.9024390243902439,1.7317073170731707,1,11.536585365853659,-278,9,1,0022100730,home,ACTIVE,1630581.0,3,SG,Starter,On Bench,1,nan,nan,3,0,0,6,2,0.333333333333333,0,1.0,0,0,2,1,0.5,37,14.566666666666666,30,-7,5,2,4,1,2,2,4,0,3,0,0.0,3,3,2,0.666666666666666,2022-01-24 22:03,Base Set,Common,3,Assist,2021-10-21 01:00:00+00:00,Oklahoma City Thunder,4000,2143.0,0.0,170.0,1687.0,0.0,2.0,347,-0.86,5.15,-4.93,76.0,True,True,True,True,VISIBLE,37838dac-13b1-4d5d-a94b-787b13a222d5,e7b9646c-9997-46c8-909f-2a2b67389023,https://nbatopshot.com/listings/p2p/e7b9646c-9997-46c8-909f-2a2b67389023+37838dac-13b1-4d5d-a94b-787b13a222d5,Base Set,Common,3,Assist,4000,347,-0.86,CHI,1610612741,OKC,1610612760,2,00:54.50,58,48,2022-01-24 20:00:00-05:00,Q2 00:54,Base Set-Common-3-Assist,Base Set-Common-3-Assist,58-48,10,Q2 - 00:54.50,10.98660653794038,7.8476287262872635,6.202138380758808,25.03637364498645,0
Kenrich Williams,OKC,CHI,0022100730,1629026,38,13,25,0.342,20.606973684210526,2.8421052631578947,6.105263157894737,0.466,0.868421052631579,2.210526315789474,0.393,0.5789473684210527,1.0789473684210527,0.537,1.4473684210526316,2.6052631578947367,4.052631578947368,1.9210526315789473,0.8421052631578947,0.9210526315789473,0.13157894736842105,0.34210526315789475,1.6842105263157894,1,7.131578947368421,28,0,0,0022100730,home,ACTIVE,1629026.0,34,nan,Bench,In Game,1,nan,nan,1,0,1,4,0,0.0,0,1.0,0,0,2,1,0.5,24,11.616166666666667,13,-11,1,0,0,0,1,0,1,1,2,0,0.0,1,2,0,0.0,2022-01-24 21:35,Base Set,Common,2,Layup,2021-03-28 01:00:00+00:00,Oklahoma City Thunder,12000,10318.0,0.0,1011.0,674.0,0.0,12.0,4,0.0,0.0,0.0,207.0,True,False,False,False,VISIBLE,10341a0e-af57-4a52-87a9-6bfef2add1b3,208ae30a-a4fe-42d4-9e51-e6fd1ad2a7a9,https://nbatopshot.com/listings/p2p/208ae30a-a4fe-42d4-9e51-e6fd1ad2a7a9+10341a0e-af57-4a52-87a9-6bfef2add1b3,Base Set,Common,2,Layup,12000,4,0.0,CHI,1610612741,OKC,1610612760,2,00:54.50,58,48,2022-01-24 20:00:00-05:00,Q2 00:54,Base Set-Common-2-Layup,Base Set-Common-2-Layup,58-48,10,Q2 - 00:54.50,4.7007447002923985,3.1030062134502927,1.9968795687134504,9.800630482456143,0
Luguentz Dort,OKC,CHI,0022100730,1629652,42,14,28,0.333,32.21992063492063,5.4523809523809526,13.761904761904763,0.396,2.4047619047619047,7.4523809523809526,0.323,2.7857142857142856,3.261904761904762,0.854,0.6190476190476191,3.2857142857142856,3.9047619047619047,1.5952380952380953,1.5714285714285714,0.8571428571428571,0.35714285714285715,0.8571428571428571,2.9285714285714284,3,16.095238095238095,-289,0,0,0022100730,home,ACTIVE,1629652.0,5,SF,Starter,In Game,1,nan,nan,0,1,0,6,3,0.5,0,1.0,0,0,0,0,0.0,38,13.266166666666667,35,-3,8,3,2,0,1,1,2,0,3,2,0.666666666666666,0,3,1,0.333333333333333,2022-01-24 21:39,Base Set,Common,2,Layup,2021-01-28 02:00:00+00:00,Oklahoma City Thunder,35000,31757.0,0.0,2873.0,387.0,0.0,12.0,5,0.0,0.0,0.0,1504.0,False,False,False,False,VISIBLE,1e7fac38-8b01-43d2-a94e-8424b6857fa6,208ae30a-a4fe-42d4-9e51-e6fd1ad2a7a9,https://nbatopshot.com/listings/p2p/208ae30a-a4fe-42d4-9e51-e6fd1ad2a7a9+1e7fac38-8b01-43d2-a94e-8424b6857fa6,Rising Stars,Rare,2,Steal,2021,126,0.0,CHI,1610612741,OKC,1610612760,2,00:54.50,58,48,2022-01-24 20:00:00-05:00,Q2 00:54,Base Set-Common-2-Layup,Rising Stars-Rare-2-Steal,58-48,10,Q2 - 00:54.50,16.352199074074072,4.026273148148148,0.827806712962963,21.206278935185185,0
Mamadi Diakite,OKC,CHI,0022100730,1629603,6,1,5,0.167,12.467777777777778,1.5,3.0,0.5,0.0,0.0,0.0,0.0,0.3333333333333333,0.0,1.0,2.5,3.5,0.0,0.5,0.3333333333333333,0.3333333333333333,0.3333333333333333,2.1666666666666665,0,3.0,7,0,0,0022100730,home,ACTIVE,1629603.0,12,nan,Bench,On Bench,1,nan,nan,0,1,0,2,1,0.5,0,0.0,2,0,0,0,0.0,13,6.866666666666667,11,-2,2,0,2,0,2,1,3,1,0,0,0.0,0,2,1,0.5,nan,nan,nan,nan,nan,nan,nan,nan,nan,nan,nan,nan,nan,nan,nan,nan,nan,nan,nan,nan,nan,nan,nan,nan,nan,nan,nan,nan,nan,nan,nan,nan,nan,nan,CHI,1610612741,OKC,1610612760,2,00:54.50,58,48,2022-01-24 20:00:00-05:00,Q2 00:54,nan,nan,58-48,10,Q2 - 00:54.50,3.556770833333333,4.81623263888889,0.0,8.373003472222223,0
Mike Muscala,OKC,CHI,0022100730,203488,38,12,26,0.316,13.469429824561402,2.6052631578947367,5.605263157894737,0.465,1.605263157894737,3.6578947368421053,0.439,1.1578947368421053,1.3157894736842106,0.88,0.39473684210526316,2.5,2.8947368421052633,0.5263157894736842,0.34210526315789475,0.42105263157894735,0.5789473684210527,0.2631578947368421,1.3157894736842106,1,7.973684210526316,19,0,0,0022100730,home,ACTIVE,203488.0,33,nan,Bench,In Game,1,nan,nan,0,0,0,4,2,0.5,0,0.0,1,0,0,0,0.0,17,5.632833333333333,13,-4,5,0,2,2,0,1,1,1,3,1,0.333333333333333,0,1,1,1.0,2022-01-24 22:02,Base Set,Common,3,3 Pointer,2021-12-09 00:30:00+00:00,Oklahoma City Thunder,60000,22816.0,0.0,7843.0,31078.0,0.0,2.0,3,0.0,0.0,0.0,1573.0,nan,nan,nan,nan,VISIBLE,82cdfd4f-892b-4ba7-840b-e7ffd40b277a,e7b9646c-9997-46c8-909f-2a2b67389023,https://nbatopshot.com/listings/p2p/e7b9646c-9997-46c8-909f-2a2b67389023+82cdfd4f-892b-4ba7-840b-e7ffd40b277a,Base Set,Common,2,3 Pointer,12000,7,0.0,CHI,1610612741,OKC,1610612760,2,00:54.50,58,48,2022-01-24 20:00:00-05:00,Q2 00:54,Base Set-Common-3-3 Pointer,Base Set-Common-2-3 Pointer,58-48,10,Q2 - 00:54.50,9.137733004385964,2.5021472953216373,0.2731176900584795,11.912997989766081,0
Shai Gilgeous-Alexander,OKC,CHI,0022100730,1628983,41,14,27,0.341,34.90349593495935,7.829268292682927,18.5609756097561,0.422,1.5853658536585367,5.682926829268292,0.279,5.560975609756097,6.7560975609756095,0.823,0.7317073170731707,4.097560975609756,4.829268292682927,5.439024390243903,2.4390243902439024,1.0731707317073171,0.7804878048780488,1.170731707317073,2.4146341463414633,5,22.804878048780488,-171,3,1,0022100730,home,ACTIVE,1628983.0,2,PG,Starter,In Game,1,nan,nan,2,0,2,7,4,0.5714285714285711,0,2.0,1,0,4,3,0.75,47,17.082833333333333,40,-7,12,0,6,0,1,0,1,1,1,1,1.0,3,6,3,0.5,2022-01-24 21:37,Base Set,Common,2,Layup,2021-01-10 23:00:00+00:00,Oklahoma City Thunder,40000,36449.0,0.0,2548.0,1013.0,0.0,12.0,9,-18.18,0.0,0.0,1000.0,False,False,False,False,VISIBLE,4fcef4e2-2935-4533-8482-e22c10f667ce,208ae30a-a4fe-42d4-9e51-e6fd1ad2a7a9,https://nbatopshot.com/listings/p2p/208ae30a-a4fe-42d4-9e51-e6fd1ad2a7a9+4fcef4e2-2935-4533-8482-e22c10f667ce,Metallic Gold LE,Rare,3,3 Pointer,749,304,0.0,CHI,1610612741,OKC,1610612760,2,00:54.50,58,48,2022-01-24 20:00:00-05:00,Q2 00:54,Base Set-Common-2-Layup,Metallic Gold LE-Rare-3-3 Pointer,58-48,10,Q2 - 00:54.50,23.83398966802168,3.5060213414634145,4.8224381775067755,32.16244918699187,0
Tre Mann,OKC,CHI,0022100730,1630544,33,10,23,0.303,17.148434343434342,2.696969696969697,6.757575757575758,0.399,1.0606060606060606,2.909090909090909,0.365,0.6060606060606061,0.9090909090909091,0.667,0.36363636363636365,1.8484848484848484,2.212121212121212,0.7878787878787878,0.6666666666666666,0.5454545454545454,0.21212121212121213,0.5757575757575758,1.696969696969697,0,7.0606060606060606,-92,0,0,0022100730,home,ACTIVE,1630544.0,23,nan,Bench,On Bench,1,nan,nan,0,0,0,4,1,0.25,0,0.0,0,0,0,0,0.0,20,10.1825,13,-7,2,0,0,0,1,0,1,0,1,0,0.0,0,3,1,0.333333333333333,2022-01-24 22:02,Base Set,Common,3,Jump Shot,2021-10-21 01:00:00+00:00,Oklahoma City Thunder,4000,1880.0,0.0,370.0,1751.0,0.0,2.0,82,7.89,18.84,-18.0,74.0,True,True,True,True,VISIBLE,c0fa1225-3378-44d2-9726-9e86f47a235a,e7b9646c-9997-46c8-909f-2a2b67389023,https://nbatopshot.com/listings/p2p/e7b9646c-9997-46c8-909f-2a2b67389023+c0fa1225-3378-44d2-9726-9e86f47a235a,Base Set,Common,3,Jump Shot,4000,82,7.89,CHI,1610612741,OKC,1610612760,2,00:54.50,58,48,2022-01-24 20:00:00-05:00,Q2 00:54,Base Set-Common-3-Jump Shot,Base Set-Common-3-Jump Shot,58-48,10,Q2 - 00:54.50,5.663915193602694,2.1479219276094277,0.4088489057239057,8.220686026936027,0
Ty Jerome,OKC,CHI,0022100730,1629660,37,11,26,0.297,15.655765765765766,2.5405405405405403,6.54054054054054,0.388,1.027027027027027,3.5945945945945947,0.286,0.7837837837837838,0.972972972972973,0.806,0.40540540540540543,1.0810810810810811,1.4864864864864864,1.7027027027027026,0.7297297297297297,0.6216216216216216,0.10810810810810811,0.35135135135135137,1.3243243243243243,0,6.891891891891892,15,0,0,0022100730,home,ACTIVE,1629660.0,16,nan,Bench,In Game,1,nan,nan,1,0,0,0,0,0.0,0,1.0,1,0,2,2,1.0,12,5.082833333333333,13,1,2,0,0,0,1,0,1,1,0,0,0.0,0,0,0,0.0,2022-01-24 21:35,Base Set,Common,2,3 Pointer,2021-04-14 01:00:00+00:00,Oklahoma City Thunder,12000,10341.0,0.0,992.0,670.0,0.0,12.0,10,11.11,25.0,0.0,314.0,True,False,False,False,VISIBLE,5193453a-9848-44ca-ae6e-18842acb8247,208ae30a-a4fe-42d4-9e51-e6fd1ad2a7a9,https://nbatopshot.com/listings/p2p/208ae30a-a4fe-42d4-9e51-e6fd1ad2a7a9+5193453a-9848-44ca-ae6e-18842acb8247,Base Set,Common,2,3 Pointer,12000,10,11.11,CHI,1610612741,OKC,1610612760,2,00:54.50,58,48,2022-01-24 20:00:00-05:00,Q2 00:54,Base Set-Common-2-3 Pointer,Base Set-Common-2-3 Pointer,58-48,10,Q2 - 00:54.50,5.576365427927929,1.7713729354354355,1.8835726351351352,9.231310998498499,0
Caris LeVert,IND,NOP,0022100712,1627747,32,13,19,0.406,30.61515625,7.03125,15.71875,0.447,1.625,5.0,0.325,2.75,3.4375,0.8,0.71875,2.875,3.59375,4.09375,1.8125,1.0,0.5,0.875,2.25,2,18.4375,46,1,0,0022100712,away,ACTIVE,1627747.0,22,SG,Starter,In Game,1,nan,nan,3,0,0,5,1,0.2,0,2.0,0,0,0,0,0.0,34,13.15,36,2,2,0,2,0,2,1,3,0,0,0,0.0,1,5,1,0.2,2022-01-24 22:03,Base Set,Common,3,3 Pointer,2021-11-01 23:00:00+00:00,Indiana Pacers,60000,34859.0,0.0,12471.0,14352.0,0.0,2.0,3,0.0,0.0,0.0,2575.0,nan,nan,nan,nan,VISIBLE,60d7e3fd-179d-4e8d-84ee-59097999af24,e7b9646c-9997-46c8-909f-2a2b67389023,https://nbatopshot.com/listings/p2p/e7b9646c-9997-46c8-909f-2a2b67389023+60d7e3fd-179d-4e8d-84ee-59097999af24,Metallic Gold LE,Rare,2,3 Pointer,499,295,-1.34,IND,1610612754,NOP,1610612740,2,02:49.00,55,50,2022-01-24 20:00:00-05:00,Q2 02:49,Base Set-Common-3-3 Pointer,Metallic Gold LE-Rare-2-3 Pointer,50-55,-5,Q2 - 02:49.00,12.300672743055555,5.007758246527778,5.287098524305556,22.595529513888888,0
Chris Duarte,IND,NOP,0022100712,1630537,39,17,22,0.436,29.096880341880343,5.230769230769231,11.820512820512821,0.443,1.8205128205128205,5.102564102564102,0.357,1.3333333333333333,1.8717948717948718,0.712,0.717948717948718,3.41025641025641,4.128205128205129,2.2564102564102564,1.6923076923076923,1.1282051282051282,0.15384615384615385,0.6666666666666666,1.7435897435897436,1,13.615384615384615,64,0,0,0022100712,away,ACTIVE,1630537.0,3,PG,Starter,In Game,1,nan,nan,2,0,0,5,3,0.6,0,2.0,1,0,4,4,1.0,30,11.55,33,3,11,2,2,0,2,0,2,0,1,1,1.0,0,4,2,0.5,2022-01-24 22:03,Base Set,Common,3,3 Pointer,2021-10-20 23:00:00+00:00,Indiana Pacers,4000,2175.0,0.0,138.0,1687.0,0.0,2.0,190,-15.56,8.57,39.71,74.0,True,True,True,True,VISIBLE,9725cfcd-f262-4ea8-b865-3a94dfe7736b,e7b9646c-9997-46c8-909f-2a2b67389023,https://nbatopshot.com/listings/p2p/e7b9646c-9997-46c8-909f-2a2b67389023+9725cfcd-f262-4ea8-b865-3a94dfe7736b,Base Set,Common,3,3 Pointer,4000,190,-15.56,IND,1610612754,NOP,1610612740,2,02:49.00,55,50,2022-01-24 20:00:00-05:00,Q2 02:49,Base Set-Common-3-3 Pointer,Base Set-Common-3-3 Pointer,50-55,-5,Q2 - 02:49.00,18.60665064102564,4.306347934472935,3.2606125356125357,26.173611111111114,0
Duane Washington Jr.,IND,NOP,0022100712,1630613,15,4,11,0.267,19.15588888888889,2.6,7.6,0.342,1.1333333333333333,3.6666666666666665,0.309,0.9333333333333333,1.2666666666666666,0.737,0.06666666666666667,1.3333333333333333,1.4,1.6666666666666667,1.1333333333333333,0.4666666666666667,0.06666666666666667,0.6666666666666666,0.9333333333333333,1,7.266666666666667,-59,0,0,0022100712,away,ACTIVE,1630613.0,4,nan,Bench,On Bench,1,nan,nan,0,0,0,4,3,0.75,0,0.0,0,0,0,0,0.0,16,8.033333333333333,19,3,9,0,0,0,1,0,1,0,4,3,0.75,0,0,0,0.0,nan,nan,nan,nan,nan,nan,nan,nan,nan,nan,nan,nan,nan,nan,nan,nan,nan,nan,nan,nan,nan,nan,nan,nan,nan,nan,nan,nan,nan,nan,nan,nan,nan,nan,IND,1610612754,NOP,1610612740,2,02:49.00,55,50,2022-01-24 20:00:00-05:00,Q2 02:49,nan,nan,50-55,-5,Q2 - 02:49.00,13.05974537037037,1.7821527777777777,0.9311342592592593,15.773032407407408,0
Goga Bitadze,IND,NOP,0022100712,1629048,27,11,16,0.407,9.994938271604939,1.4444444444444444,3.5925925925925926,0.402,0.2222222222222222,1.3703703703703705,0.162,0.8148148148148148,1.2962962962962963,0.629,1.2592592592592593,1.5185185185185186,2.7777777777777777,0.4444444444444444,0.48148148148148145,0.37037037037037035,0.6296296296296297,0.37037037037037035,1.4814814814814814,1,3.925925925925926,8,1,0,0022100712,away,ACTIVE,1629048.0,88,C,Starter,On Bench,1,nan,nan,2,0,0,5,3,0.6,0,2.0,3,0,4,3,0.75,26,8.666666666666666,25,-1,9,0,6,5,1,3,4,0,1,0,0.0,1,4,3,0.75,2022-01-24 21:36,Base Set,Common,2,Layup,2021-04-03 00:00:00+00:00,Indiana Pacers,12000,11246.0,0.0,600.0,155.0,0.0,12.0,13,-45.83,8.33,62.5,305.0,True,False,False,False,VISIBLE,2e6fd9a1-0db7-4eb5-bedd-43c781735d3a,208ae30a-a4fe-42d4-9e51-e6fd1ad2a7a9,https://nbatopshot.com/listings/p2p/208ae30a-a4fe-42d4-9e51-e6fd1ad2a7a9+2e6fd9a1-0db7-4eb5-bedd-43c781735d3a,Base Set,Common,2,Layup,12000,13,-45.83,IND,1610612754,NOP,1610612740,2,02:49.00,55,50,2022-01-24 20:00:00-05:00,Q2 02:49,Base Set-Common-2-Layup,Base Set-Common-2-Layup,50-55,-5,Q2 - 02:49.00,11.193338477366256,5.551890432098766,2.2483024691358025,18.99353137860082,0
Isaiah Jackson,IND,NOP,0022100712,1630543,14,5,9,0.357,6.89095238095238,1.1428571428571428,2.5714285714285716,0.444,0.0,0.07142857142857142,0.0,0.7857142857142857,1.3571428571428572,0.579,0.8571428571428571,1.2857142857142858,2.142857142857143,0.21428571428571427,0.21428571428571427,0.35714285714285715,0.5,0.2857142857142857,1.3571428571428572,0,3.0714285714285716,-16,0,0,0022100712,away,ACTIVE,1630543.0,23,nan,Bench,In Game,1,nan,nan,1,2,0,3,2,0.666666666666666,0,0.0,2,0,0,0,0.0,12,7.883333333333333,23,11,4,0,4,0,3,0,3,0,0,0,0.0,0,3,2,0.666666666666666,nan,nan,nan,nan,nan,nan,nan,nan,nan,nan,nan,nan,nan,nan,nan,nan,nan,nan,nan,nan,nan,nan,nan,nan,nan,nan,nan,nan,nan,nan,nan,nan,nan,nan,IND,1610612754,NOP,1610612740,2,02:49.00,55,50,2022-01-24 20:00:00-05:00,Q2 02:49,nan,nan,50-55,-5,Q2 - 02:49.00,5.715947420634921,4.197172619047619,1.119717261904762,11.032837301587302,0
Jeremy Lamb,IND,NOP,0022100712,203087,32,13,19,0.406,15.2409375,2.21875,6.0,0.37,1.0,3.09375,0.323,1.8125,2.0625,0.879,0.4375,2.0625,2.5,1.3125,0.625,0.53125,0.375,0.1875,1.25,1,7.25,50,0,0,0022100712,away,ACTIVE,203087.0,26,nan,Bench,On Bench,1,nan,nan,0,0,0,2,2,1.0,0,0.0,1,0,0,0,0.0,22,11.066666666666666,26,4,5,0,2,2,1,1,2,0,1,1,1.0,1,1,1,1.0,2022-01-24 21:35,Base Set,Common,2,3 Pointer,2021-02-03 01:00:00+00:00,Indiana Pacers,12000,10855.0,0.0,748.0,397.0,0.0,12.0,23,130.0,187.5,155.56,258.0,True,False,False,False,VISIBLE,c831e133-5238-4747-a7de-f238ae02267a,208ae30a-a4fe-42d4-9e51-e6fd1ad2a7a9,https://nbatopshot.com/listings/p2p/208ae30a-a4fe-42d4-9e51-e6fd1ad2a7a9+c831e133-5238-4747-a7de-f238ae02267a,Base Set,Common,2,3 Pointer,12000,23,130.0,IND,1610612754,NOP,1610612740,2,02:49.00,55,50,2022-01-24 20:00:00-05:00,Q2 02:49,Base Set-Common-2-3 Pointer,Base Set-Common-2-3 Pointer,50-55,-5,Q2 - 02:49.00,9.050434027777778,3.396701388888889,0.7332682291666667,13.180403645833334,0
Justin Holiday,IND,NOP,0022100712,203200,41,14,27,0.341,28.744959349593493,3.8048780487804876,9.317073170731707,0.408,2.6341463414634148,7.024390243902439,0.375,0.7073170731707317,0.8780487804878049,0.806,0.34146341463414637,2.4878048780487805,2.8292682926829267,1.7317073170731707,0.9512195121951219,0.7073170731707317,0.36585365853658536,0.21951219512195122,2.1951219512195124,0,10.951219512195122,-48,0,0,0022100712,away,ACTIVE,203200.0,8,SF,Starter,In Game,1,nan,nan,1,0,0,5,2,0.4,0,1.0,0,0,2,2,1.0,28,10.116666666666667,29,1,6,0,2,2,0,1,1,0,1,0,0.0,0,4,2,0.5,2022-01-24 22:02,Base Set,Common,3,Dunk,2021-11-28 22:00:00+00:00,Indiana Pacers,60000,27616.0,0.0,11049.0,23275.0,0.0,2.0,3,0.0,0.0,50.0,1961.0,nan,nan,nan,nan,VISIBLE,bf1d710f-7279-4ce1-82ca-f866c0249e23,e7b9646c-9997-46c8-909f-2a2b67389023,https://nbatopshot.com/listings/p2p/e7b9646c-9997-46c8-909f-2a2b67389023+bf1d710f-7279-4ce1-82ca-f866c0249e23,Metallic Gold LE,Rare,1,Layup,299,245,0.0,IND,1610612754,NOP,1610612740,2,02:49.00,55,50,2022-01-24 20:00:00-05:00,Q2 02:49,Base Set-Common-3-Dunk,Metallic Gold LE-Rare-1-Layup,50-55,-5,Q2 - 02:49.00,12.11823340108401,2.580657181571816,1.9674712059620596,16.666361788617884,0
Keifer Sykes,IND,NOP,0022100712,1626208,12,2,10,0.167,22.47361111111111,2.9166666666666665,7.333333333333333,0.398,1.0833333333333333,3.4166666666666665,0.317,0.6666666666666666,0.75,0.889,0.4166666666666667,1.75,2.1666666666666665,2.5833333333333335,1.5833333333333333,0.5,0.08333333333333333,0.25,2.0833333333333335,0,7.583333333333333,-6,0,0,0022100712,away,ACTIVE,1626208.0,28,nan,Bench,On Bench,0,nan,nan,0,0,0,0,0,0.0,0,0.0,0,0,0,0,0.0,0,0.0,0,0,0,0,0,0,0,0,0,0,0,0,0.0,0,0,0,0.0,nan,nan,nan,nan,nan,nan,nan,nan,nan,nan,nan,nan,nan,nan,nan,nan,nan,nan,nan,nan,nan,nan,nan,nan,nan,nan,nan,nan,nan,nan,nan,nan,nan,nan,IND,1610612754,NOP,1610612740,2,02:49.00,55,50,2022-01-24 20:00:00-05:00,Q2 02:49,nan,nan,50-55,-5,Q2 - 02:49.00,4.236660879629629,1.2104745370370371,1.443258101851852,6.890393518518518,0
Lance Stephenson,IND,NOP,0022100712,202362,11,3,8,0.273,19.035454545454545,3.8181818181818183,8.272727272727273,0.462,0.8181818181818182,2.909090909090909,0.281,1.0909090909090908,1.3636363636363635,0.8,0.36363636363636365,2.1818181818181817,2.5454545454545454,3.6363636363636362,1.8181818181818181,0.7272727272727273,0.0,0.36363636363636365,2.1818181818181817,1,9.545454545454545,-21,1,0,0022100712,away,ACTIVE,202362.0,6,nan,Bench,On Bench,1,nan,nan,3,0,0,4,1,0.25,0,1.0,2,0,2,1,0.5,20,9.633333333333333,22,2,4,0,0,0,1,0,1,0,2,1,0.5,2,2,0,0.0,2022-01-24 22:01,Base Set,Common,3,3 Pointer,2022-01-06 00:30:00+00:00,Indiana Pacers,12000,7802.0,0.0,493.0,3708.0,0.0,2.0,23,53.33,91.67,0.0,235.0,True,nan,nan,nan,VISIBLE,587afb38-dfe7-4f88-82ff-fa44d2000597,e7b9646c-9997-46c8-909f-2a2b67389023,https://nbatopshot.com/listings/p2p/e7b9646c-9997-46c8-909f-2a2b67389023+587afb38-dfe7-4f88-82ff-fa44d2000597,Base Set,Common,3,3 Pointer,12000,23,53.33,IND,1610612754,NOP,1610612740,2,02:49.00,55,50,2022-01-24 20:00:00-05:00,Q2 02:49,Base Set-Common-3-3 Pointer,Base Set-Common-3-3 Pointer,50-55,-5,Q2 - 02:49.00,9.332859848484848,2.4220959595959597,5.031565656565657,16.786521464646466,0
Oshae Brissett,IND,NOP,0022100712,1629052,36,12,24,0.333,18.56449074074074,2.388888888888889,5.611111111111111,0.426,0.8611111111111112,2.5277777777777777,0.341,0.75,1.1944444444444444,0.628,1.25,2.6944444444444446,3.9444444444444446,0.7222222222222222,0.6666666666666666,0.5,0.3055555555555556,0.3611111111111111,1.3333333333333333,0,6.388888888888889,-77,0,0,0022100712,away,ACTIVE,1629052.0,12,nan,Bench,On Bench,1,nan,nan,0,1,0,1,0,0.0,0,0.0,0,0,0,0,0.0,24,13.25,30,6,0,0,0,0,3,1,4,0,1,0,0.0,1,0,0,0.0,2022-01-24 22:02,Base Set,Common,3,Dunk,2021-12-11 00:00:00+00:00,Indiana Pacers,12000,8057.0,0.0,1238.0,2708.0,0.0,2.0,14,7.69,75.0,27.27,240.0,True,nan,nan,nan,VISIBLE,8ab5268f-6a58-4ab5-8e8e-8be7601df2f8,e7b9646c-9997-46c8-909f-2a2b67389023,https://nbatopshot.com/listings/p2p/e7b9646c-9997-46c8-909f-2a2b67389023+8ab5268f-6a58-4ab5-8e8e-8be7601df2f8,Base Set,Common,3,Dunk,12000,14,7.69,IND,1610612754,NOP,1610612740,2,02:49.00,55,50,2022-01-24 20:00:00-05:00,Q2 02:49,Base Set-Common-3-Dunk,Base Set-Common-3-Dunk,50-55,-5,Q2 - 02:49.00,3.5693479938271606,6.2036844135802465,0.403491512345679,10.176523919753086,0
Terry Taylor,IND,NOP,0022100712,1630678,2,0,2,0.0,2.755,0.0,0.0,0.0,0.0,0.0,0.0,0.0,0.0,0.0,0.0,0.5,0.5,0.5,0.0,0.0,0.0,0.0,0.0,0,0.0,5,0,0,0022100712,away,ACTIVE,1630678.0,32,nan,Bench,On Bench,0,nan,nan,0,0,0,0,0,0.0,0,0.0,0,0,0,0,0.0,0,0.0,0,0,0,0,0,0,0,0,0,0,0,0,0.0,0,0,0,0.0,nan,nan,nan,nan,nan,nan,nan,nan,nan,nan,nan,nan,nan,nan,nan,nan,nan,nan,nan,nan,nan,nan,nan,nan,nan,nan,nan,nan,nan,nan,nan,nan,nan,nan,IND,1610612754,NOP,1610612740,2,02:49.00,55,50,2022-01-24 20:00:00-05:00,Q2 02:49,nan,nan,50-55,-5,Q2 - 02:49.00,0.0,0.27934027777777776,0.27934027777777776,0.5586805555555555,0
Torrey Craig,IND,NOP,0022100712,1628470,42,15,27,0.357,18.185119047619047,2.2857142857142856,4.904761904761905,0.466,0.7380952380952381,2.357142857142857,0.313,0.5714285714285714,0.6904761904761905,0.828,1.1904761904761905,2.5238095238095237,3.7142857142857144,1.119047619047619,0.6666666666666666,0.4523809523809524,0.3333333333333333,0.16666666666666666,1.7142857142857142,0,5.880952380952381,-104,2,0,0022100712,away,ACTIVE,1628470.0,13,PF,Starter,In Game,1,nan,nan,1,0,0,3,2,0.666666666666666,0,0.0,1,0,0,0,0.0,38,12.566666666666666,32,-6,5,0,2,0,0,0,0,0,2,1,0.5,0,1,1,1.0,2022-01-24 21:33,2021 NBA Playoffs,Common,2,Dunk,2021-06-08 02:00:00+00:00,Phoenix Suns,11500,10921.0,0.0,579.0,39.0,0.0,20.0,22,-8.33,10.0,15.79,346.0,False,False,False,False,VISIBLE,1a511ea4-c825-4fa3-a036-3c653cdf5938,6783b9d8-44c5-49c7-87e0-be217af963e9,https://nbatopshot.com/listings/p2p/6783b9d8-44c5-49c7-87e0-be217af963e9+1a511ea4-c825-4fa3-a036-3c653cdf5938,Metallic Gold LE,Rare,1,Block,299,316,0.0,IND,1610612754,NOP,1610612740,2,02:49.00,55,50,2022-01-24 20:00:00-05:00,Q2 02:49,2021 NBA Playoffs-Common-2-Dunk,Metallic Gold LE-Rare-1-Block,50-55,-5,Q2 - 02:49.00,8.285573743386244,2.0750992063492064,1.6251901455026454,11.985863095238095,0
Devonte' Graham,NOP,IND,0022100712,1628984,42,16,26,0.381,31.273650793650795,4.571428571428571,12.5,0.366,3.0238095238095237,8.476190476190476,0.357,1.619047619047619,1.9761904761904763,0.819,0.47619047619047616,2.0952380952380953,2.5714285714285716,4.476190476190476,1.5952380952380953,1.0238095238095237,0.19047619047619047,0.38095238095238093,1.4285714285714286,1,13.785714285714286,22,0,0,0022100712,home,ACTIVE,1628984.0,4,PG,Starter,In Game,1,nan,nan,4,0,0,6,3,0.5,0,0.0,1,0,0,0,0.0,39,13.416666666666666,36,-3,7,2,2,3,1,0,1,1,2,1,0.5,0,4,2,0.5,2022-01-24 21:38,Base Set,Common,2,Jump Shot,2021-01-23 00:00:00+00:00,Charlotte Hornets,40000,35486.0,0.0,2778.0,1753.0,0.0,12.0,9,0.0,12.5,28.57,1481.0,False,False,False,False,VISIBLE,161557b1-d8a1-424c-a7c1-5862463ff41f,208ae30a-a4fe-42d4-9e51-e6fd1ad2a7a9,https://nbatopshot.com/listings/p2p/208ae30a-a4fe-42d4-9e51-e6fd1ad2a7a9+161557b1-d8a1-424c-a7c1-5862463ff41f,Metallic Gold LE,Rare,1,3 Pointer,299,375,0.0,IND,1610612754,NOP,1610612740,2,02:49.00,55,50,2022-01-24 20:00:00-05:00,Q2 02:49,Base Set-Common-2-Jump Shot,Metallic Gold LE-Rare-1-3 Pointer,55-50,5,Q2 - 02:49.00,14.701810515873017,2.436607142857143,6.500760582010582,23.63917824074074,0
Garrett Temple,NOP,IND,0022100712,202066,43,17,26,0.395,19.3618992248062,2.0232558139534884,5.186046511627907,0.39,1.186046511627907,3.372093023255814,0.352,0.5116279069767442,0.6976744186046512,0.733,0.5813953488372093,2.0930232558139537,2.6744186046511627,1.2325581395348837,0.813953488372093,0.7674418604651163,0.3953488372093023,0.23255813953488372,1.5813953488372092,0,5.744186046511628,-290,0,0,0022100712,home,ACTIVE,202066.0,41,SF,Starter,On Bench,1,nan,nan,0,0,1,6,4,0.666666666666666,0,1.0,0,0,2,2,1.0,35,12.266666666666667,33,-2,10,4,6,0,1,1,2,0,1,0,0.0,0,5,4,0.8,2022-01-24 21:36,Base Set,Common,2,Jump Shot,2021-01-10 21:00:00+00:00,Chicago Bulls,12000,11219.0,0.0,564.0,219.0,0.0,12.0,20,0.0,11.11,5.26,274.0,True,False,False,False,VISIBLE,3895fb8a-5441-4c22-8479-4ec80fa80d98,208ae30a-a4fe-42d4-9e51-e6fd1ad2a7a9,https://nbatopshot.com/listings/p2p/208ae30a-a4fe-42d4-9e51-e6fd1ad2a7a9+3895fb8a-5441-4c22-8479-4ec80fa80d98,Base Set,Common,2,Jump Shot,12000,20,0.0,IND,1610612754,NOP,1610612740,2,02:49.00,55,50,2022-01-24 20:00:00-05:00,Q2 02:49,Base Set-Common-2-Jump Shot,Base Set-Common-2-Jump Shot,55-50,5,Q2 - 02:49.00,13.209165051679587,3.494145671834625,0.6886062661498709,17.391916989664086,0
Gary Clark,NOP,IND,0022100712,1629109,13,7,6,0.538,10.43448717948718,1.0769230769230769,2.6153846153846154,0.412,1.0,2.3076923076923075,0.433,0.15384615384615385,0.3076923076923077,0.5,0.5384615384615384,1.7692307692307692,2.3076923076923075,0.38461538461538464,0.3076923076923077,0.23076923076923078,0.15384615384615385,0.15384615384615385,0.23076923076923078,0,3.3076923076923075,-49,0,0,0022100712,home,ACTIVE,1629109.0,12,nan,Bench,On Bench,1,nan,nan,0,0,0,3,0,0.0,0,0.0,0,0,0,0,0.0,17,7.083333333333333,14,-3,0,0,0,0,2,0,2,0,2,0,0.0,0,1,0,0.0,nan,nan,nan,nan,nan,nan,nan,nan,nan,nan,nan,nan,nan,nan,nan,nan,nan,nan,nan,nan,nan,nan,nan,nan,nan,nan,nan,nan,nan,nan,nan,nan,nan,nan,IND,1610612754,NOP,1610612740,2,02:49.00,55,50,2022-01-24 20:00:00-05:00,Q2 02:49,nan,nan,55-50,5,Q2 - 02:49.00,1.8479433760683759,3.2892628205128203,0.21487713675213677,5.352083333333334,0
Herbert Jones,NOP,IND,0022100712,1630529,42,17,25,0.405,29.159166666666664,3.5238095238095237,7.023809523809524,0.502,0.6666666666666666,1.6666666666666667,0.4,1.4285714285714286,1.7619047619047619,0.811,1.1904761904761905,2.5,3.6904761904761907,1.9047619047619047,1.0714285714285714,1.4761904761904763,0.9285714285714286,0.5952380952380952,3.0714285714285716,1,9.142857142857142,33,0,0,0022100712,home,ACTIVE,1630529.0,5,PF,Starter,In Game,1,nan,nan,2,0,0,3,1,0.333333333333333,0,1.0,1,0,0,0,0.0,38,14.1,36,-2,2,0,2,0,1,1,2,1,2,0,0.0,0,1,1,1.0,2022-01-24 22:01,Base Set,Common,3,Dunk,2021-12-09 01:00:00+00:00,New Orleans Pelicans,12000,7813.0,0.0,482.0,3706.0,0.0,2.0,34,-8.11,21.43,0.0,414.0,True,nan,nan,nan,VISIBLE,d12ff74e-0b79-40d2-a054-41ea6a4adc94,e7b9646c-9997-46c8-909f-2a2b67389023,https://nbatopshot.com/listings/p2p/e7b9646c-9997-46c8-909f-2a2b67389023+d12ff74e-0b79-40d2-a054-41ea6a4adc94,Base Set,Common,3,Dunk,12000,34,-8.11,IND,1610612754,NOP,1610612740,2,02:49.00,55,50,2022-01-24 20:00:00-05:00,Q2 02:49,Base Set-Common-3-Dunk,Base Set-Common-3-Dunk,55-50,5,Q2 - 02:49.00,7.1079365079365076,4.061797288359788,3.064153439153439,14.233887235449735,0
Jaxson Hayes,NOP,IND,0022100712,1629637,33,10,23,0.303,13.97949494949495,2.4545454545454546,4.212121212121212,0.583,0.15151515151515152,0.45454545454545453,0.333,1.7575757575757576,2.3636363636363638,0.744,1.303030303030303,2.121212121212121,3.4242424242424243,0.36363636363636365,0.6363636363636364,0.30303030303030304,0.7272727272727273,0.21212121212121213,1.9393939393939394,1,6.818181818181818,-55,0,0,0022100712,home,ACTIVE,1629637.0,10,nan,Bench,On Bench,1,nan,nan,0,0,0,6,4,0.666666666666666,1,0.0,2,0,0,0,0.0,20,8.833333333333334,18,-2,8,0,8,2,2,1,3,0,1,0,0.0,1,5,4,0.8,2022-01-24 22:03,Base Set,Common,3,Dunk,2021-10-30 23:00:00+00:00,New Orleans Pelicans,60000,34098.0,0.0,13214.0,14546.0,0.0,2.0,3,0.0,0.0,0.0,2459.0,nan,nan,nan,nan,VISIBLE,68fdb242-25f6-4721-a5f7-f6dec0fd45fc,e7b9646c-9997-46c8-909f-2a2b67389023,https://nbatopshot.com/listings/p2p/e7b9646c-9997-46c8-909f-2a2b67389023+68fdb242-25f6-4721-a5f7-f6dec0fd45fc,Throwdowns,Rare,2,Dunk,1800,70,-1.41,IND,1610612754,NOP,1610612740,2,02:49.00,55,50,2022-01-24 20:00:00-05:00,Q2 02:49,Base Set-Common-3-Dunk,Throwdowns-Rare-2-Dunk,55-50,5,Q2 - 02:49.00,11.809185606060606,4.91305765993266,0.20315656565656567,16.92539983164983,0
Jonas Valanciunas,NOP,IND,0022100712,202685,42,16,26,0.381,31.636746031746032,7.071428571428571,13.452380952380953,0.526,1.0238095238095237,2.4523809523809526,0.417,3.238095238095238,3.9523809523809526,0.819,3.357142857142857,8.642857142857142,12.0,2.4047619047619047,2.4285714285714284,0.5238095238095238,0.8809523809523809,0.6666666666666666,3.1666666666666665,4,18.404761904761905,-22,31,0,0022100712,home,ACTIVE,202685.0,17,C,Starter,In Game,1,nan,nan,3,0,0,7,3,0.428571428571429,0,4.0,2,0,3,2,0.666666666666666,35,12.35,32,-3,8,0,6,4,2,4,6,0,0,0,0.0,0,7,3,0.428571428571429,2022-01-24 21:39,Base Set,Common,3,Assist,2021-10-26 00:00:00+00:00,New Orleans Pelicans,60000,35751.0,0.0,12307.0,13251.0,0.0,2.0,3,0.0,0.0,0.0,1357.0,nan,nan,nan,nan,VISIBLE,9efea894-ad6d-4c87-ad58-29dc1d66faa1,e7b9646c-9997-46c8-909f-2a2b67389023,https://nbatopshot.com/listings/p2p/e7b9646c-9997-46c8-909f-2a2b67389023+9efea894-ad6d-4c87-ad58-29dc1d66faa1,Metallic Gold LE,Rare,2,Dunk,499,169,0.0,IND,1610612754,NOP,1610612740,2,02:49.00,55,50,2022-01-24 20:00:00-05:00,Q2 02:49,Base Set-Common-3-Assist,Metallic Gold LE-Rare-2-Dunk,55-50,5,Q2 - 02:49.00,18.282382605820107,12.704166666666666,4.343493716931217,35.33004298941799,0
Jose Alvarado,NOP,IND,0022100712,1630631,18,6,12,0.333,9.217037037037038,1.1111111111111112,3.0555555555555554,0.364,0.3888888888888889,1.4444444444444444,0.269,0.5,0.7777777777777778,0.643,0.3333333333333333,0.6666666666666666,1.0,1.5555555555555556,0.2222222222222222,1.0,0.05555555555555555,0.1111111111111111,1.0,0,3.111111111111111,34,0,0,0022100712,home,ACTIVE,1630631.0,15,nan,Bench,On Bench,1,nan,nan,0,0,1,2,0,0.0,0,0.0,1,0,0,0,0.0,16,7.766666666666667,14,-2,0,0,0,0,0,0,0,1,1,0,0.0,0,1,0,0.0,nan,nan,nan,nan,nan,nan,nan,nan,nan,nan,nan,nan,nan,nan,nan,nan,nan,nan,nan,nan,nan,nan,nan,nan,nan,nan,nan,nan,nan,nan,nan,nan,nan,nan,IND,1610612754,NOP,1610612740,2,02:49.00,55,50,2022-01-24 20:00:00-05:00,Q2 02:49,nan,nan,55-50,5,Q2 - 02:49.00,1.7381172839506172,0.5586805555555555,0.8690586419753086,3.165856481481481,0
Josh Hart,NOP,IND,0022100712,1628404,36,14,22,0.389,33.18152777777778,4.805555555555555,9.333333333333334,0.515,1.0277777777777777,3.0277777777777777,0.339,2.611111111111111,3.5555555555555554,0.734,1.3611111111111112,6.138888888888889,7.5,4.305555555555555,1.9444444444444444,0.9722222222222222,0.3055555555555556,0.6666666666666666,2.9444444444444446,3,13.25,-81,9,0,0022100712,home,ACTIVE,1628404.0,3,SG,Starter,In Game,1,nan,nan,1,0,1,7,4,0.5714285714285711,0,4.0,1,0,3,3,1.0,41,15.7,40,-1,11,2,8,0,2,0,2,1,2,0,0.0,0,5,4,0.8,2022-01-24 22:02,Base Set,Common,3,Dunk,2021-11-23 01:00:00+00:00,New Orleans Pelicans,60000,30051.0,0.0,13976.0,17763.0,0.0,2.0,3,0.0,0.0,0.0,2175.0,nan,nan,nan,nan,VISIBLE,12879722-7a18-48fd-8dad-377d2745125a,e7b9646c-9997-46c8-909f-2a2b67389023,https://nbatopshot.com/listings/p2p/e7b9646c-9997-46c8-909f-2a2b67389023+12879722-7a18-48fd-8dad-377d2745125a,Metallic Gold LE,Rare,2,Dunk,499,144,2.86,IND,1610612754,NOP,1610612740,2,02:49.00,55,50,2022-01-24 20:00:00-05:00,Q2 02:49,Base Set-Common-3-Dunk,Metallic Gold LE-Rare-2-Dunk,55-50,5,Q2 - 02:49.00,18.402517361111112,6.190104166666667,3.405430169753086,27.998051697530865,0
Naji Marshall,NOP,IND,0022100712,1630230,23,6,17,0.261,9.57840579710145,1.0,3.0434782608695654,0.329,0.17391304347826086,1.2173913043478262,0.143,1.0869565217391304,1.2608695652173914,0.862,0.6086956521739131,1.826086956521739,2.4347826086956523,0.8695652173913043,0.8695652173913043,0.391304347826087,0.13043478260869565,0.30434782608695654,0.9565217391304348,0,3.260869565217391,-50,0,0,0022100712,home,ACTIVE,1630230.0,8,nan,Bench,On Bench,0,nan,nan,0,0,0,0,0,0.0,0,0.0,0,0,0,0,0.0,0,0.0,0,0,0,0,0,0,0,0,0,0,0,0,0.0,0,0,0,0.0,2022-01-24 21:33,Base Set,Common,2,Assist,2021-01-16 03:00:00+00:00,New Orleans Pelicans,4000,3434.0,0.0,343.0,223.0,0.0,12.0,39,0.0,2.63,14.71,131.0,True,True,True,True,VISIBLE,d3462ef2-86a7-470a-a793-88453b427184,208ae30a-a4fe-42d4-9e51-e6fd1ad2a7a9,https://nbatopshot.com/listings/p2p/208ae30a-a4fe-42d4-9e51-e6fd1ad2a7a9+d3462ef2-86a7-470a-a793-88453b427184,Base Set,Common,2,Assist,4000,39,0.0,IND,1610612754,NOP,1610612740,2,02:49.00,55,50,2022-01-24 20:00:00-05:00,Q2 02:49,Base Set-Common-2-Assist,Base Set-Common-2-Assist,55-50,5,Q2 - 02:49.00,1.821784420289855,1.3602657004830918,0.48580917874396135,3.667859299516908,0
Nickeil Alexander-Walker,NOP,IND,0022100712,1629638,42,15,27,0.357,26.515436507936506,4.738095238095238,12.80952380952381,0.37,1.9523809523809523,6.238095238095238,0.313,1.1904761904761905,1.6904761904761905,0.704,0.7619047619047619,2.5952380952380953,3.357142857142857,2.5714285714285716,1.5714285714285714,0.8333333333333334,0.30952380952380953,0.7857142857142857,1.7857142857142858,1,12.619047619047619,-152,2,0,0022100712,home,ACTIVE,1629638.0,6,nan,Bench,In Game,1,nan,nan,2,0,0,4,2,0.5,0,0.0,0,0,0,0,0.0,34,14.4,27,-7,4,2,4,0,1,0,1,0,1,0,0.0,0,3,2,0.666666666666666,2022-01-24 22:01,Base Set,Common,3,Layup,2021-11-14 00:00:00+00:00,New Orleans Pelicans,60000,11299.0,0.0,4361.0,45130.0,0.0,2.0,3,0.0,50.0,0.0,229.0,nan,nan,nan,nan,VISIBLE,43ccb8de-caa8-4dd6-b177-9666358363f0,e7b9646c-9997-46c8-909f-2a2b67389023,https://nbatopshot.com/listings/p2p/e7b9646c-9997-46c8-909f-2a2b67389023+43ccb8de-caa8-4dd6-b177-9666358363f0,Rising Stars,Rare,2,Dunk,2021,120,0.0,IND,1610612754,NOP,1610612740,2,02:49.00,55,50,2022-01-24 20:00:00-05:00,Q2 02:49,Base Set-Common-3-Layup,Rising Stars-Rare-2-Dunk,55-50,5,Q2 - 02:49.00,11.050016534391535,2.875570436507936,3.436607142857143,17.362194113756612,0
Tomas Satoransky,NOP,IND,0022100712,203107,31,12,19,0.387,14.897311827956988,1.032258064516129,3.3225806451612905,0.311,0.16129032258064516,0.967741935483871,0.167,0.6129032258064516,0.8064516129032258,0.76,0.5806451612903226,1.4516129032258065,2.032258064516129,2.2903225806451615,0.7419354838709677,0.45161290322580644,0.03225806451612903,0.1935483870967742,1.032258064516129,0,2.838709677419355,-142,0,0,0022100712,home,ACTIVE,203107.0,31,nan,Bench,On Bench,0,nan,nan,0,0,0,0,0,0.0,0,0.0,0,0,0,0,0.0,0,0.0,0,0,0,0,0,0,0,0,0,0,0,0,0.0,0,0,0,0.0,2022-01-24 21:35,Base Set,Common,2,Dunk,2021-04-23 01:00:00+00:00,Chicago Bulls,40000,34923.0,0.0,3526.0,1590.0,0.0,12.0,5,25.0,25.0,25.0,1669.0,False,False,False,False,VISIBLE,a9485940-5d05-4e02-9690-db28c3f14632,208ae30a-a4fe-42d4-9e51-e6fd1ad2a7a9,https://nbatopshot.com/listings/p2p/208ae30a-a4fe-42d4-9e51-e6fd1ad2a7a9+a9485940-5d05-4e02-9690-db28c3f14632,Metallic Gold LE,Rare,2,Assist,499,114,0.0,IND,1610612754,NOP,1610612740,2,02:49.00,55,50,2022-01-24 20:00:00-05:00,Q2 02:49,Base Set-Common-2-Dunk,Metallic Gold LE-Rare-2-Assist,55-50,5,Q2 - 02:49.00,1.5859318996415772,1.135383064516129,1.2795586917562725,4.000873655913979,0
Willy Hernangomez,NOP,IND,0022100712,1626195,23,10,13,0.435,14.85804347826087,3.0434782608695654,5.434782608695652,0.56,0.08695652173913043,0.13043478260869565,0.667,1.565217391304348,2.217391304347826,0.706,2.4347826086956523,4.260869565217392,6.695652173913044,1.2173913043478262,0.8695652173913043,0.34782608695652173,0.21739130434782608,0.4782608695652174,1.7391304347826086,1,7.739130434782608,-41,3,0,0022100712,home,ACTIVE,1626195.0,9,nan,Bench,On Bench,0,nan,nan,0,0,0,0,0,0.0,0,0.0,0,0,0,0,0.0,0,0.0,0,0,0,0,0,0,0,0,0,0,0,0,0.0,0,0,0,0.0,nan,nan,nan,nan,nan,nan,nan,nan,nan,nan,nan,nan,nan,nan,nan,nan,nan,nan,nan,nan,nan,nan,nan,nan,nan,nan,nan,nan,nan,nan,nan,nan,nan,nan,IND,1610612754,NOP,1610612740,2,02:49.00,55,50,2022-01-24 20:00:00-05:00,Q2 02:49,nan,nan,55-50,5,Q2 - 02:49.00,4.323701690821256,3.7407306763285026,0.6801328502415459,8.744565217391305,0
